--liquibase formatted sql
--changeset dungna:insert_group_permission_data
DROP TABLE IF EXISTS `DATABASECHANGELOG`;
/*!40101 SET @saved_cs_client     = @@character_set_client */;
/*!40101 SET character_set_client = utf8 */;
CREATE TABLE `DATABASECHANGELOG`
(
    `ID`            varchar(255) COLLATE utf8mb4_unicode_ci NOT NULL,
    `AUTHOR`        varchar(255) COLLATE utf8mb4_unicode_ci NOT NULL,
    `FILENAME`      varchar(255) COLLATE utf8mb4_unicode_ci NOT NULL,
    `DATEEXECUTED`  datetime                                NOT NULL,
    `ORDEREXECUTED` int(11) NOT NULL,
    `EXECTYPE`      varchar(10) COLLATE utf8mb4_unicode_ci  NOT NULL,
    `MD5SUM`        varchar(35) COLLATE utf8mb4_unicode_ci  DEFAULT NULL,
    `DESCRIPTION`   varchar(255) COLLATE utf8mb4_unicode_ci DEFAULT NULL,
    `COMMENTS`      varchar(255) COLLATE utf8mb4_unicode_ci DEFAULT NULL,
    `TAG`           varchar(255) COLLATE utf8mb4_unicode_ci DEFAULT NULL,
    `LIQUIBASE`     varchar(20) COLLATE utf8mb4_unicode_ci  DEFAULT NULL,
    `CONTEXTS`      varchar(255) COLLATE utf8mb4_unicode_ci DEFAULT NULL,
    `LABELS`        varchar(255) COLLATE utf8mb4_unicode_ci DEFAULT NULL,
    `DEPLOYMENT_ID` varchar(10) COLLATE utf8mb4_unicode_ci  DEFAULT NULL
) ENGINE=InnoDB DEFAULT CHARSET=utf8mb4 COLLATE=utf8mb4_unicode_ci;
/*!40101 SET character_set_client = @saved_cs_client */;

--
-- Table structure for table `DATABASECHANGELOGLOCK`
--

DROP TABLE IF EXISTS `DATABASECHANGELOGLOCK`;
/*!40101 SET @saved_cs_client     = @@character_set_client */;
/*!40101 SET character_set_client = utf8 */;
CREATE TABLE `DATABASECHANGELOGLOCK`
(
    `ID`          int(11) NOT NULL,
    `LOCKED`      bit(1) NOT NULL,
    `LOCKGRANTED` datetime                                DEFAULT NULL,
    `LOCKEDBY`    varchar(255) COLLATE utf8mb4_unicode_ci DEFAULT NULL,
    PRIMARY KEY (`ID`)
) ENGINE=InnoDB DEFAULT CHARSET=utf8mb4 COLLATE=utf8mb4_unicode_ci;
/*!40101 SET character_set_client = @saved_cs_client */;

--
-- Dumping data for table `DATABASECHANGELOGLOCK`
--

LOCK
TABLES `DATABASECHANGELOGLOCK` WRITE;
/*!40000 ALTER TABLE `DATABASECHANGELOGLOCK` DISABLE KEYS */;
INSERT INTO `DATABASECHANGELOGLOCK`
VALUES (1, _binary '\0', NULL, NULL);
/*!40000 ALTER TABLE `DATABASECHANGELOGLOCK` ENABLE KEYS */;
UNLOCK
TABLES;

--
-- Table structure for table `group`
--

DROP TABLE IF EXISTS `group`;
/*!40101 SET @saved_cs_client     = @@character_set_client */;
/*!40101 SET character_set_client = utf8 */;
CREATE TABLE `group`
(
    `id`                 bigint(20) NOT NULL AUTO_INCREMENT,
    `name`               varchar(255) COLLATE utf8mb4_unicode_ci NOT NULL,
    `parent`             bigint(20) DEFAULT NULL,
    `activated`          bit(1)                                  NOT NULL,
    `created_by`         varchar(50) COLLATE utf8mb4_unicode_ci  NOT NULL,
    `created_date`       datetime                               DEFAULT CURRENT_TIMESTAMP,
    `last_modified_by`   varchar(50) COLLATE utf8mb4_unicode_ci DEFAULT NULL,
    `last_modified_date` datetime                               DEFAULT NULL,
    PRIMARY KEY (`id`),
    KEY                  `FKk5y92ry6lrjqy1vwaqrb31crx` (`parent`),
    CONSTRAINT `FKk5y92ry6lrjqy1vwaqrb31crx` FOREIGN KEY (`parent`) REFERENCES `group` (`id`)
) ENGINE=InnoDB AUTO_INCREMENT=4 DEFAULT CHARSET=utf8mb4 COLLATE=utf8mb4_unicode_ci;
/*!40101 SET character_set_client = @saved_cs_client */;

--
-- Dumping data for table `group`
--

LOCK
TABLES `group` WRITE;
/*!40000 ALTER TABLE `group` DISABLE KEYS */;
INSERT INTO `group`
VALUES (1, 'Admin', NULL, _binary '', 'system@localhost', '2019-11-19 00:51:35', 'system@localhost', NULL),
       (2, 'Mod', NULL, _binary '', 'system@localhost', '2019-11-19 00:51:35', 'system@localhost', NULL),
       (3, 'View', NULL, _binary '', 'system@localhost', '2019-11-19 00:51:35', 'system@localhost', NULL);
/*!40000 ALTER TABLE `group` ENABLE KEYS */;
UNLOCK
TABLES;

    --
-- Table structure for table `permission`
--

DROP TABLE IF EXISTS `permission`;
/*!40101 SET @saved_cs_client     = @@character_set_client */;
/*!40101 SET character_set_client = utf8 */;
CREATE TABLE `permission`
(
    `name`        varchar(50) COLLATE utf8mb4_unicode_ci NOT NULL,
    `description` text COLLATE utf8mb4_unicode_ci,
    PRIMARY KEY (`name`)
) ENGINE=InnoDB DEFAULT CHARSET=utf8mb4 COLLATE=utf8mb4_unicode_ci;
/*!40101 SET character_set_client = @saved_cs_client */;

--
-- Dumping data for table `permission`
--

LOCK
TABLES `permission` WRITE;
/*!40000 ALTER TABLE `permission` DISABLE KEYS */;
INSERT INTO `permission`
VALUES ('READ_LINK', 'READ_LINK'),
       ('READ_NEWS_SOURCE', 'READ_NEWS_SOURCE'),
       ('READ_NEWS_TAG', 'READ_NEWS_TAG'),
       ('READ_POST', 'READ_POST'),
       ('READ_TOPIC', 'READ_TOPIC'),
       ('READ_TOPIC_CONFIG', 'READ_TOPIC_CONFIG'),
       ('READ_TOPIC_POST', 'READ_TOPIC_POST'),
       ('READ_TOPIC_SUBCRIBE', 'READ_TOPIC_SUBCRIBE'),
       ('READ_TYPICAL_NEWS', 'READ_TYPICAL_NEWS'),
       ('READ_USER_HISTORY', 'READ_USER_HISTORY'),
       ('ROLE_ADMIN', 'ROLE FOR ADMIN'),
       ('ROLE_MODE', 'ROLE_MODE'),
       ('ROLE_USER', 'ROLE FOR USER'),
       ('VIEW_USER', 'VIEW_USER'),
       ('WRITE_LINK', 'WRITE_LINK'),
       ('WRITE_NEWS_SOURCE', 'WRITE_NEWS_SOURCE'),
       ('WRITE_NEWS_TAG', 'WRITE_NEWS_TAG'),
       ('WRITE_POST', 'WRITE_POST'),
       ('WRITE_TOPIC', 'WRITE_TOPIC'),
       ('WRITE_TOPIC_CONFIG', 'WRITE_TOPIC_CONFIG'),
       ('WRITE_TOPIC_POST', 'WRITE_TOPIC_POST'),
       ('WRITE_TOPIC_SUBCRIBE', 'WRITE_TOPIC_SUBCRIBE'),
       ('WRITE_TYPICAL_NEWS', 'WRITE_TYPICAL_NEWS'),
       ('WRITE_USER', 'WRITE_USER');
/*!40000 ALTER TABLE `permission` ENABLE KEYS */;
UNLOCK
TABLES;


--
-- Table structure for table `group_permission`
--

DROP TABLE IF EXISTS `group_permission`;
/*!40101 SET @saved_cs_client     = @@character_set_client */;
/*!40101 SET character_set_client = utf8 */;
CREATE TABLE `group_permission`
(
    `group_id`        bigint(20) NOT NULL,
    `permission_name` varchar(50) COLLATE utf8mb4_unicode_ci NOT NULL,
    PRIMARY KEY (`group_id`, `permission_name`),
    KEY               `FK1riqq1r4f9m0504y1858ctgws` (`permission_name`),
    CONSTRAINT `FK1riqq1r4f9m0504y1858ctgws` FOREIGN KEY (`permission_name`) REFERENCES `permission` (`name`),
    CONSTRAINT `FKdw7bnraty6qo3mdq6phatbglg` FOREIGN KEY (`group_id`) REFERENCES `group` (`id`)
) ENGINE=InnoDB DEFAULT CHARSET=utf8mb4 COLLATE=utf8mb4_unicode_ci;
/*!40101 SET character_set_client = @saved_cs_client */;

--
-- Dumping data for table `group_permission`
--

LOCK
TABLES `group_permission` WRITE;
/*!40000 ALTER TABLE `group_permission` DISABLE KEYS */;
INSERT INTO `group_permission`
VALUES (1, 'READ_LINK'),
       (2, 'READ_LINK'),
       (3, 'READ_LINK'),
       (1, 'READ_NEWS_SOURCE'),
       (2, 'READ_NEWS_SOURCE'),
       (3, 'READ_NEWS_SOURCE'),
       (1, 'READ_NEWS_TAG'),
       (2, 'READ_NEWS_TAG'),
       (3, 'READ_NEWS_TAG'),
       (1, 'READ_POST'),
       (2, 'READ_POST'),
       (3, 'READ_POST'),
       (1, 'READ_TOPIC'),
       (2, 'READ_TOPIC'),
       (3, 'READ_TOPIC'),
       (1, 'READ_TOPIC_CONFIG'),
       (2, 'READ_TOPIC_CONFIG'),
       (3, 'READ_TOPIC_CONFIG'),
       (1, 'READ_TOPIC_POST'),
       (2, 'READ_TOPIC_POST'),
       (3, 'READ_TOPIC_POST'),
       (1, 'READ_TOPIC_SUBCRIBE'),
       (2, 'READ_TOPIC_SUBCRIBE'),
       (3, 'READ_TOPIC_SUBCRIBE'),
       (1, 'READ_TYPICAL_NEWS'),
       (2, 'READ_TYPICAL_NEWS'),
       (3, 'READ_TYPICAL_NEWS'),
       (1, 'READ_USER_HISTORY'),
       (1, 'ROLE_ADMIN'),
       (2, 'ROLE_MODE'),
       (1, 'ROLE_USER'),
       (2, 'ROLE_USER'),
       (3, 'ROLE_USER'),
       (1, 'VIEW_USER'),
       (2, 'VIEW_USER'),
       (3, 'VIEW_USER'),
       (1, 'WRITE_LINK'),
       (2, 'WRITE_LINK'),
       (3, 'WRITE_LINK'),
       (1, 'WRITE_NEWS_SOURCE'),
       (1, 'WRITE_NEWS_TAG'),
       (1, 'WRITE_POST'),
       (2, 'WRITE_POST'),
       (1, 'WRITE_TOPIC'),
       (2, 'WRITE_TOPIC'),
       (1, 'WRITE_TOPIC_CONFIG'),
       (2, 'WRITE_TOPIC_CONFIG'),
       (1, 'WRITE_TOPIC_POST'),
       (2, 'WRITE_TOPIC_POST'),
       (1, 'WRITE_TOPIC_SUBCRIBE'),
       (2, 'WRITE_TOPIC_SUBCRIBE'),
       (3, 'WRITE_TOPIC_SUBCRIBE'),
       (1, 'WRITE_TYPICAL_NEWS'),
       (2, 'WRITE_TYPICAL_NEWS'),
       (1, 'WRITE_USER');
/*!40000 ALTER TABLE `group_permission` ENABLE KEYS */;
UNLOCK
TABLES;

--
-- Table structure for table `link`
--

DROP TABLE IF EXISTS `link`;
/*!40101 SET @saved_cs_client     = @@character_set_client */;
/*!40101 SET character_set_client = utf8 */;
CREATE TABLE `link`
(
    `id`                 bigint(20) NOT NULL AUTO_INCREMENT,
    `link_name`          longtext COLLATE utf8mb4_unicode_ci    NOT NULL,
    `created_by`         varchar(50) COLLATE utf8mb4_unicode_ci NOT NULL,
    `created_date`       datetime                               DEFAULT CURRENT_TIMESTAMP,
    `last_modified_by`   varchar(50) COLLATE utf8mb4_unicode_ci DEFAULT NULL,
    `last_modified_date` datetime                               DEFAULT NULL,
    `user_id`            bigint(20) NOT NULL,
    PRIMARY KEY (`id`),
    KEY                  `FKg1mwmfya7kqb7ddxw0fdkse8t` (`user_id`),
    CONSTRAINT `FKg1mwmfya7kqb7ddxw0fdkse8t` FOREIGN KEY (`user_id`) REFERENCES `user` (`id`)
) ENGINE=InnoDB AUTO_INCREMENT=129 DEFAULT CHARSET=utf8mb4 COLLATE=utf8mb4_unicode_ci;
/*!40101 SET character_set_client = @saved_cs_client */;

DROP TABLE IF EXISTS `typical_news`;
/*!40101 SET @saved_cs_client     = @@character_set_client */;
/*!40101 SET character_set_client = utf8 */;
CREATE TABLE `typical_news`
(
    `id`       bigint(20) NOT NULL AUTO_INCREMENT,
    `name`     varchar(255) COLLATE utf8mb4_unicode_ci DEFAULT NULL,
    `settings` longtext COLLATE utf8mb4_unicode_ci,
    PRIMARY KEY (`id`)
) ENGINE=InnoDB AUTO_INCREMENT=63 DEFAULT CHARSET=utf8mb4 COLLATE=utf8mb4_unicode_ci;
/*!40101 SET character_set_client = @saved_cs_client */;




--
-- Table structure for table `post`
--

DROP TABLE IF EXISTS `post`;
/*!40101 SET @saved_cs_client     = @@character_set_client */;
/*!40101 SET character_set_client = utf8 */;
CREATE TABLE `post`
(
    `id`                 bigint(20) NOT NULL AUTO_INCREMENT,
    `created_by`         varchar(50) COLLATE utf8mb4_unicode_ci NOT NULL,
    `created_date`       datetime                                DEFAULT NULL,
    `last_modified_by`   varchar(50) COLLATE utf8mb4_unicode_ci  DEFAULT NULL,
    `last_modified_date` datetime                                DEFAULT NULL,
    `content`            longtext COLLATE utf8mb4_unicode_ci,
    `date`               datetime                                DEFAULT NULL,
    `name`               varchar(255) COLLATE utf8mb4_unicode_ci DEFAULT NULL,
    `summary`            longtext COLLATE utf8mb4_unicode_ci,
    `news_source_id`     bigint(20) DEFAULT NULL,
    `news_type_id`       bigint(20) DEFAULT NULL,
    `typical_news_id`    bigint(20) DEFAULT NULL,
    `thumbnail`          varchar(255) COLLATE utf8mb4_unicode_ci DEFAULT NULL,
    PRIMARY KEY (`id`),
    KEY                  `FKjmyfl109amr8um5w59rpskwa5` (`news_source_id`),
    KEY                  `FKm319eqjvnwosgu316vhs60fr3` (`news_type_id`),
    KEY                  `FKgfbvcxq97vygjj7ts5gl8p6fc` (`typical_news_id`),
    CONSTRAINT `FKgfbvcxq97vygjj7ts5gl8p6fc` FOREIGN KEY (`typical_news_id`) REFERENCES `typical_news` (`id`),
    CONSTRAINT `FKjmyfl109amr8um5w59rpskwa5` FOREIGN KEY (`news_source_id`) REFERENCES `news_source` (`id`),
    CONSTRAINT `FKm319eqjvnwosgu316vhs60fr3` FOREIGN KEY (`news_type_id`) REFERENCES `news_type` (`id`)
) ENGINE=InnoDB AUTO_INCREMENT=37 DEFAULT CHARSET=utf8mb4 COLLATE=utf8mb4_unicode_ci;
/*!40101 SET character_set_client = @saved_cs_client */;


--
-- Table structure for table `media`
--

DROP TABLE IF EXISTS `media`;
/*!40101 SET @saved_cs_client     = @@character_set_client */;
/*!40101 SET character_set_client = utf8 */;
CREATE TABLE `media`
(
    `id`                 bigint(20) NOT NULL AUTO_INCREMENT,
    `created_by`         varchar(50) COLLATE utf8mb4_unicode_ci NOT NULL,
    `created_date`       datetime                                DEFAULT NULL,
    `last_modified_by`   varchar(50) COLLATE utf8mb4_unicode_ci  DEFAULT NULL,
    `last_modified_date` datetime                                DEFAULT NULL,
    `name`               varchar(255) COLLATE utf8mb4_unicode_ci DEFAULT NULL,
    `path`               varchar(255) COLLATE utf8mb4_unicode_ci DEFAULT NULL,
    `size`               bigint(20) DEFAULT NULL,
    `type`               varchar(255) COLLATE utf8mb4_unicode_ci DEFAULT NULL,
    `post_id`            bigint(20) DEFAULT NULL,
    PRIMARY KEY (`id`),
    KEY                  `FK4iebhahhw9gu0in9p2o2fspdk` (`post_id`),
    CONSTRAINT `FK4iebhahhw9gu0in9p2o2fspdk` FOREIGN KEY (`post_id`) REFERENCES `post` (`id`)
) ENGINE=InnoDB AUTO_INCREMENT=33 DEFAULT CHARSET=utf8mb4 COLLATE=utf8mb4_unicode_ci;
/*!40101 SET character_set_client = @saved_cs_client */;

--
-- Table structure for table `news_source`
--

DROP TABLE IF EXISTS `news_source`;
/*!40101 SET @saved_cs_client     = @@character_set_client */;
/*!40101 SET character_set_client = utf8 */;
CREATE TABLE `news_source`
(
    `id`          bigint(20) NOT NULL AUTO_INCREMENT,
    `activated`   bit(1)                                  NOT NULL,
    `deleted`     bit(1)                                  NOT NULL,
    `description` varchar(255) COLLATE utf8mb4_unicode_ci DEFAULT NULL,
    `link`        varchar(255) COLLATE utf8mb4_unicode_ci DEFAULT NULL,
    `name`        varchar(255) COLLATE utf8mb4_unicode_ci NOT NULL,
    `type_id`     bigint(20) NOT NULL,
    `tags`        longtext COLLATE utf8mb4_unicode_ci,
    PRIMARY KEY (`id`),
    KEY           `FKtltbnwd6rfrx2bihttadwxiib` (`type_id`),
    CONSTRAINT `FKtltbnwd6rfrx2bihttadwxiib` FOREIGN KEY (`type_id`) REFERENCES `news_type` (`id`)
) ENGINE=InnoDB AUTO_INCREMENT=50 DEFAULT CHARSET=utf8mb4 COLLATE=utf8mb4_unicode_ci;
/*!40101 SET character_set_client = @saved_cs_client */;

--
-- Table structure for table `news_tag`
--

DROP TABLE IF EXISTS `news_tag`;
/*!40101 SET @saved_cs_client     = @@character_set_client */;
/*!40101 SET character_set_client = utf8 */;
CREATE TABLE `news_tag`
(
    `name` varchar(255) COLLATE utf8mb4_unicode_ci NOT NULL,
    PRIMARY KEY (`name`)
) ENGINE=InnoDB DEFAULT CHARSET=utf8mb4 COLLATE=utf8mb4_unicode_ci;
/*!40101 SET character_set_client = @saved_cs_client */;

--
-- Table structure for table `news_type`
--

DROP TABLE IF EXISTS `news_type`;
/*!40101 SET @saved_cs_client     = @@character_set_client */;
/*!40101 SET character_set_client = utf8 */;
CREATE TABLE `news_type`
(
    `id`   bigint(20) NOT NULL AUTO_INCREMENT,
    `name` varchar(255) COLLATE utf8mb4_unicode_ci NOT NULL,
    PRIMARY KEY (`id`)
) ENGINE=InnoDB AUTO_INCREMENT=6 DEFAULT CHARSET=utf8mb4 COLLATE=utf8mb4_unicode_ci;
/*!40101 SET character_set_client = @saved_cs_client */;

--
-- Dumping data for table `news_type`
--

LOCK
TABLES `news_type` WRITE;
/*!40000 ALTER TABLE `news_type` DISABLE KEYS */;
INSERT INTO `news_type`
VALUES (1, 'Báo chí'),
       (2, 'Mạng xã hội'),
       (3, 'Blog'),
       (4, 'Forum'),
       (5, 'Youtube');
/*!40000 ALTER TABLE `news_type` ENABLE KEYS */;
UNLOCK
TABLES;


--
-- Table structure for table `persistent_audit_event`
--

DROP TABLE IF EXISTS `persistent_audit_event`;
/*!40101 SET @saved_cs_client     = @@character_set_client */;
/*!40101 SET character_set_client = utf8 */;
CREATE TABLE `persistent_audit_event`
(
    `event_id`   bigint(20) NOT NULL AUTO_INCREMENT,
    `principal`  varchar(50) COLLATE utf8mb4_unicode_ci NOT NULL,
    `event_date` timestamp NULL DEFAULT NULL,
    `event_type` varchar(255) COLLATE utf8mb4_unicode_ci DEFAULT NULL,
    PRIMARY KEY (`event_id`),
    KEY          `idx_persistent_audit_event` (`principal`,`event_date`)
) ENGINE=InnoDB AUTO_INCREMENT=1188 DEFAULT CHARSET=utf8mb4 COLLATE=utf8mb4_unicode_ci;
/*!40101 SET character_set_client = @saved_cs_client */;

--
-- Dumping data for table `persistent_audit_event`
--

LOCK
TABLES `persistent_audit_event` WRITE;
/*!40000 ALTER TABLE `persistent_audit_event` DISABLE KEYS */;
INSERT INTO `persistent_audit_event`
VALUES (1, 'admin@localhost', '2019-11-19 16:52:52', 'AUTHENTICATION_SUCCESS'),
       (2, 'admin@localhost', '2019-11-19 16:55:14', 'AUTHENTICATION_SUCCESS'),
       (3, 'admin', '2019-11-19 18:20:56', 'AUTHENTICATION_FAILURE'),
       (4, 'admin', '2019-11-19 18:21:02', 'AUTHENTICATION_FAILURE'),
       (5, 'admin', '2019-11-19 18:21:06', 'AUTHENTICATION_FAILURE'),
       (6, 'admin@localhost', '2019-11-19 18:21:41', 'AUTHENTICATION_SUCCESS'),
       (7, 'khanh@solidtech.vn', '2019-11-19 18:23:36', 'AUTHENTICATION_FAILURE'),
       (8, 'admin@localhost', '2019-11-19 18:23:42', 'AUTHENTICATION_SUCCESS'),
       (9, 'khanh@solidtech.vn', '2019-11-19 18:43:47', 'AUTHENTICATION_FAILURE'),
       (10, 'khanh@solidtech.vn', '2019-11-19 18:43:53', 'AUTHENTICATION_FAILURE'),
       (11, 'admin@localhost', '2019-11-19 18:44:00', 'AUTHENTICATION_SUCCESS'),
       (12, 'admin@localhost', '2019-11-19 19:55:39', 'AUTHENTICATION_SUCCESS'),
       (13, 'admin@localhost', '2019-11-19 20:42:57', 'AUTHENTICATION_SUCCESS'),
       (14, 'admin@localhost', '2019-11-20 12:21:45', 'AUTHENTICATION_SUCCESS'),
       (15, '	yfe81067@bcaoo.com', '2019-11-20 13:00:18', 'AUTHENTICATION_FAILURE'),
       (16, 'admin@localhost', '2019-11-20 13:01:28', 'AUTHENTICATION_SUCCESS'),
       (17, 'kemchanh211297@gmail.com', '2019-11-20 15:12:02', 'AUTHENTICATION_FAILURE'),
       (18, 'kemchanh211297@gmail.com', '2019-11-20 15:14:27', 'AUTHENTICATION_SUCCESS'),
       (19, 'admin@localhost', '2019-11-20 15:19:14', 'AUTHENTICATION_SUCCESS'),
       (20, 'kemchanh211297@gmail.com', '2019-11-20 17:27:36', 'AUTHENTICATION_SUCCESS'),
       (21, 'admin@localhost', '2019-11-21 10:40:03', 'AUTHENTICATION_SUCCESS'),
       (22, 'kemchanh211297@gmail.com', '2019-11-21 18:07:25', 'AUTHENTICATION_SUCCESS'),
       (23, 'admin@localhost', '2019-11-21 18:14:12', 'AUTHENTICATION_SUCCESS'),
       (24, 'admin@localhost', '2019-11-22 15:26:44', 'AUTHENTICATION_SUCCESS'),
       (25, 'admin@localhost', '2019-11-22 19:19:43', 'AUTHENTICATION_SUCCESS'),
       (26, 'admin@localhost', '2019-11-22 19:41:13', 'AUTHENTICATION_SUCCESS'),
       (27, 'admin', '2019-11-22 23:50:07', 'AUTHENTICATION_FAILURE'),
       (28, 'admin', '2019-11-25 11:25:38', 'AUTHENTICATION_FAILURE'),
       (29, 'admin@localhost', '2019-11-25 11:25:43', 'AUTHENTICATION_SUCCESS'),
       (30, 'admin', '2019-11-25 12:02:53', 'AUTHENTICATION_FAILURE'),
       (31, 'admin@localhost', '2019-11-25 12:02:58', 'AUTHENTICATION_SUCCESS'),
       (32, 'admin@localhost', '2019-11-25 12:43:04', 'AUTHENTICATION_SUCCESS'),
       (33, 'kemchanh211297@gmail.com', '2019-11-26 12:08:27', 'AUTHENTICATION_SUCCESS'),
       (34, 'kemchanh211297@gmail.com', '2019-11-26 12:11:16', 'AUTHENTICATION_SUCCESS'),
       (35, 'kemchanh211297@gmail.com', '2019-11-26 12:15:32', 'AUTHENTICATION_FAILURE'),
       (36, 'kemchanh211297@gmail.com', '2019-11-26 12:15:38', 'AUTHENTICATION_FAILURE'),
       (37, 'kemchanh211297@gmail.com', '2019-11-26 12:15:41', 'AUTHENTICATION_FAILURE'),
       (38, 'kemchanh211297@gmail.com', '2019-11-26 12:15:51', 'AUTHENTICATION_FAILURE'),
       (39, 'kemchanh211297@gmail.com', '2019-11-26 12:16:04', 'AUTHENTICATION_FAILURE'),
       (40, 'kemchanh211297@gmail.com', '2019-11-26 12:18:08', 'AUTHENTICATION_SUCCESS'),
       (41, 'admin@localhost', '2019-11-27 14:49:48', 'AUTHENTICATION_SUCCESS'),
       (42, 'kemchanh211297@gmail.com', '2019-11-27 16:16:21', 'AUTHENTICATION_SUCCESS'),
       (43, 'kemchanh211297@gmail.com', '2019-11-27 16:18:48', 'AUTHENTICATION_SUCCESS'),
       (44, 'kemchanh211297@gmail.com', '2019-11-27 16:19:10', 'AUTHENTICATION_SUCCESS'),
       (45, 'kemchanh211297@gmail.com', '2019-11-27 16:19:34', 'AUTHENTICATION_SUCCESS'),
       (46, 'kemchanh211297@gmail.com', '2019-11-27 16:20:31', 'AUTHENTICATION_SUCCESS'),
       (47, 'kemchanh211297@gmail.com', '2019-11-27 16:22:13', 'AUTHENTICATION_SUCCESS'),
       (48, 'admin@localhost', '2019-11-27 16:23:29', 'AUTHENTICATION_SUCCESS'),
       (49, 'admin@localhost', '2019-11-27 16:26:54', 'AUTHENTICATION_SUCCESS'),
       (50, 'kemchanh211297@gmail.com', '2019-11-27 17:11:44', 'AUTHENTICATION_SUCCESS'),
       (51, 'admin@localhost', '2019-11-27 17:26:36', 'AUTHENTICATION_SUCCESS'),
       (52, 'admin@localhost', '2019-11-28 10:27:59', 'AUTHENTICATION_SUCCESS'),
       (53, 'phamhonglienhvtc@mail.com', '2019-11-28 10:53:16', 'AUTHENTICATION_FAILURE'),
       (54, 'phamhonglienhvtc@mail.com', '2019-11-28 10:53:19', 'AUTHENTICATION_FAILURE'),
       (55, 'admin@localhost', '2019-11-28 10:53:27', 'AUTHENTICATION_SUCCESS'),
       (56, 'khanhpm212@gmail.com', '2019-11-28 10:55:25', 'AUTHENTICATION_SUCCESS'),
       (57, 'admin@localhost', '2019-11-28 10:55:45', 'AUTHENTICATION_SUCCESS'),
       (58, 'admin@localhost', '2019-11-28 12:36:51', 'AUTHENTICATION_SUCCESS'),
       (59, 'admin@localhost', '2019-11-28 12:48:25', 'AUTHENTICATION_SUCCESS'),
       (60, 'kemchanh211297@gmail.com', '2019-11-28 15:01:07', 'AUTHENTICATION_FAILURE'),
       (61, 'kemchanh211297@gmail.com', '2019-11-28 15:01:13', 'AUTHENTICATION_SUCCESS'),
       (62, 'admin@localhost', '2019-11-28 15:01:50', 'AUTHENTICATION_SUCCESS'),
       (63, 'kemchanh211297@gmail.com', '2019-11-28 15:06:37', 'AUTHENTICATION_SUCCESS'),
       (64, 'admin@localhost', '2019-11-28 15:07:28', 'AUTHENTICATION_SUCCESS'),
       (65, 'admin@localhost', '2019-11-28 15:25:41', 'AUTHENTICATION_SUCCESS'),
       (66, 'kemchanh211297@gmail.com', '2019-11-28 17:07:25', 'AUTHENTICATION_SUCCESS'),
       (67, 'kemchanh211297@gmail.com', '2019-11-28 17:08:28', 'AUTHENTICATION_SUCCESS'),
       (68, 'kemchanh211297@gmail.com', '2019-11-28 17:09:41', 'AUTHENTICATION_SUCCESS'),
       (69, 'admin@localhost', '2019-11-28 17:10:43', 'AUTHENTICATION_SUCCESS'),
       (70, 'kemchanh211297@gmail.com', '2019-11-28 18:09:10', 'AUTHENTICATION_SUCCESS'),
       (71, 'admin@localhost', '2019-11-28 18:15:17', 'AUTHENTICATION_SUCCESS'),
       (72, 'admin@localhost', '2019-11-28 22:38:43', 'AUTHENTICATION_SUCCESS'),
       (73, 'user@localhost', '2019-11-29 10:15:44', 'AUTHENTICATION_SUCCESS'),
       (74, 'user@localhost', '2019-11-29 10:22:10', 'AUTHENTICATION_SUCCESS'),
       (75, 'admin@localhost', '2019-11-29 10:25:02', 'AUTHENTICATION_SUCCESS'),
       (76, 'khanhpm212@gmail.com', '2019-11-29 10:25:32', 'AUTHENTICATION_FAILURE'),
       (77, 'khanhpm212@gmail.com', '2019-11-29 10:25:37', 'AUTHENTICATION_FAILURE'),
       (78, 'admin@localhost', '2019-11-29 10:25:48', 'AUTHENTICATION_SUCCESS'),
       (79, 'manhkiem41@gmail.com', '2019-11-29 10:28:13', 'AUTHENTICATION_FAILURE'),
       (80, 'manhkiem41@gmail.com', '2019-11-29 10:28:19', 'AUTHENTICATION_FAILURE'),
       (81, 'manhkiem41@gmail.com', '2019-11-29 10:28:23', 'AUTHENTICATION_FAILURE'),
       (82, 'admin@localhost', '2019-11-29 10:28:45', 'AUTHENTICATION_SUCCESS'),
       (83, 'admin@localhost', '2019-11-29 10:40:23', 'AUTHENTICATION_SUCCESS'),
       (84, 'kemchanh211297@gmail.com', '2019-11-29 10:42:51', 'AUTHENTICATION_SUCCESS'),
       (85, 'kemchanh211297@gmail.com', '2019-11-29 11:22:27', 'AUTHENTICATION_SUCCESS'),
       (86, 'admin@localhost', '2019-11-29 12:09:27', 'AUTHENTICATION_SUCCESS'),
       (87, 'kemchanh211297@gmail.com', '2019-11-29 12:21:48', 'AUTHENTICATION_SUCCESS'),
       (88, 'kemchanh211297@gmail.com', '2019-11-29 12:25:55', 'AUTHENTICATION_SUCCESS'),
       (89, 'user@localhost', '2019-11-29 15:09:42', 'AUTHENTICATION_FAILURE'),
       (90, 'user@localhost', '2019-11-29 15:09:47', 'AUTHENTICATION_SUCCESS'),
       (91, 'admin', '2019-11-29 15:11:01', 'AUTHENTICATION_FAILURE'),
       (92, 'admin@localhost', '2019-11-29 15:11:05', 'AUTHENTICATION_SUCCESS'),
       (93, 'tdj40676@eveav.com', '2019-11-29 15:28:54', 'AUTHENTICATION_SUCCESS'),
       (94, 'admin@localhost', '2019-11-29 16:56:32', 'AUTHENTICATION_SUCCESS'),
       (95, 'kemchanh211297@gmail.com', '2019-11-29 16:59:25', 'AUTHENTICATION_SUCCESS'),
       (96, 'admin@localhost', '2019-11-29 17:02:16', 'AUTHENTICATION_SUCCESS'),
       (97, 'user@localhost', '2019-11-29 18:46:33', 'AUTHENTICATION_SUCCESS'),
       (98, 'admin@localhost', '2019-11-29 20:34:03', 'AUTHENTICATION_SUCCESS'),
       (99, 'admin@localhost', '2019-11-30 12:26:27', 'AUTHENTICATION_SUCCESS'),
       (100, 'admin@localhost', '2019-11-30 22:24:15', 'AUTHENTICATION_SUCCESS'),
       (101, 'admin@localhost', '2019-12-01 12:00:10', 'AUTHENTICATION_SUCCESS'),
       (102, 'admin@localhost', '2019-12-01 19:09:01', 'AUTHENTICATION_SUCCESS'),
       (103, 'manhkiem41@gmail.com', '2019-12-02 09:51:50', 'AUTHENTICATION_SUCCESS'),
       (104, 'Admin@localhost', '2019-12-02 09:52:26', 'AUTHENTICATION_FAILURE'),
       (105, 'admin@localhost', '2019-12-02 09:52:30', 'AUTHENTICATION_SUCCESS'),
       (106, 'manhkiem41@gmail.com', '2019-12-02 10:15:57', 'AUTHENTICATION_SUCCESS'),
       (107, 'kemchanh211297@gmail.com', '2019-12-02 11:57:40', 'AUTHENTICATION_SUCCESS'),
       (108, 'kemchanh211297@gmail.com', '2019-12-02 12:00:13', 'AUTHENTICATION_SUCCESS'),
       (109, 'kemchanh211297@gmail.com', '2019-12-02 12:27:51', 'AUTHENTICATION_SUCCESS'),
       (110, 'manhkiem41@gmail.com', '2019-12-02 14:22:27', 'AUTHENTICATION_SUCCESS'),
       (111, 'admin@localhost', '2019-12-02 14:30:59', 'AUTHENTICATION_SUCCESS'),
       (112, 'manhkiem41@gmail.com', '2019-12-02 14:31:43', 'AUTHENTICATION_FAILURE'),
       (113, 'manhkiem41@gmail.com', '2019-12-02 14:31:47', 'AUTHENTICATION_FAILURE'),
       (114, 'manhkiem41@gmail.com', '2019-12-02 14:31:48', 'AUTHENTICATION_FAILURE'),
       (115, 'manhkiem41@gmail.com', '2019-12-02 14:31:50', 'AUTHENTICATION_FAILURE'),
       (116, 'kemchanh211297@gmail.com', '2019-12-02 15:10:38', 'AUTHENTICATION_SUCCESS'),
       (117, 'Admin@localhost', '2019-12-02 17:30:12', 'AUTHENTICATION_FAILURE'),
       (118, 'admin@localhost', '2019-12-02 17:49:45', 'AUTHENTICATION_SUCCESS'),
       (119, 'admin@localhost', '2019-12-03 10:49:14', 'AUTHENTICATION_SUCCESS'),
       (120, 'admin@localhost', '2019-12-03 10:50:11', 'AUTHENTICATION_SUCCESS'),
       (121, 'admin@localhost', '2019-12-03 12:23:37', 'AUTHENTICATION_SUCCESS'),
       (122, 'admin@localhost', '2019-12-03 12:27:29', 'AUTHENTICATION_SUCCESS'),
       (123, 'admin@localhost', '2019-12-03 18:27:51', 'AUTHENTICATION_SUCCESS'),
       (124, 'admin@localhost', '2019-12-04 10:06:12', 'AUTHENTICATION_SUCCESS'),
       (125, 'manhkiem41@gmail.com', '2019-12-04 10:07:00', 'AUTHENTICATION_SUCCESS'),
       (126, 'admin@localhost', '2019-12-04 10:08:49', 'AUTHENTICATION_SUCCESS'),
       (127, 'kemchanh211297@gmail.com', '2019-12-04 10:25:02', 'AUTHENTICATION_SUCCESS'),
       (128, 'admin@localhost', '2019-12-04 10:26:12', 'AUTHENTICATION_SUCCESS'),
       (129, 'kemchanh211297@gmail.com', '2019-12-04 10:27:01', 'AUTHENTICATION_SUCCESS'),
       (130, 'kemchanh211297@gmail.com', '2019-12-04 10:32:17', 'AUTHENTICATION_SUCCESS'),
       (131, 'manhkiem41@gmail.com', '2019-12-04 10:42:44', 'AUTHENTICATION_SUCCESS'),
       (132, 'admin@localhost', '2019-12-04 12:49:54', 'AUTHENTICATION_SUCCESS'),
       (133, 'kemchanh211297@gmail.com', '2019-12-04 14:04:55', 'AUTHENTICATION_SUCCESS'),
       (134, 'kemchanh211297@gmail.com', '2019-12-04 15:23:35', 'AUTHENTICATION_SUCCESS'),
       (135, 'kemchanh211297@gmail.com', '2019-12-04 16:12:22', 'AUTHENTICATION_SUCCESS'),
       (136, 'kemchanh211297@gmail.com', '2019-12-04 16:14:25', 'AUTHENTICATION_SUCCESS'),
       (137, 'kemchanh211297@gmail.com', '2019-12-04 16:30:10', 'AUTHENTICATION_SUCCESS'),
       (138, 'kemchanh211297@gmail.com', '2019-12-04 18:22:37', 'AUTHENTICATION_SUCCESS'),
       (139, 'kemchanh211297@gmail.com', '2019-12-04 18:23:15', 'AUTHENTICATION_SUCCESS'),
       (140, 'admin@localhost', '2019-12-04 18:24:21', 'AUTHENTICATION_SUCCESS'),
       (141, 'user@localhost', '2019-12-04 18:24:31', 'AUTHENTICATION_SUCCESS'),
       (142, 'admin@localhost', '2019-12-05 17:09:04', 'AUTHENTICATION_SUCCESS'),
       (143, 'ntbichha@gmail.com', '2019-12-06 10:29:53', 'AUTHENTICATION_FAILURE'),
       (144, 'ntbichha@gmail.com', '2019-12-06 10:30:08', 'AUTHENTICATION_FAILURE'),
       (145, 'ntbichha@gmail.com', '2019-12-06 10:30:24', 'AUTHENTICATION_FAILURE'),
       (146, 'ntbichha@gmail.com', '2019-12-06 10:30:34', 'AUTHENTICATION_FAILURE'),
       (147, 'admin@localhost', '2019-12-06 10:35:06', 'AUTHENTICATION_SUCCESS'),
       (148, 'ntbichha88@gmail.com', '2019-12-06 11:07:45', 'AUTHENTICATION_SUCCESS'),
       (149, 'admin@localhsot', '2019-12-06 11:07:56', 'AUTHENTICATION_FAILURE'),
       (150, 'admin@localhsot', '2019-12-06 11:07:59', 'AUTHENTICATION_FAILURE'),
       (151, 'admin@localhost', '2019-12-06 11:08:06', 'AUTHENTICATION_SUCCESS'),
       (152, 'ntbichha88@gmail.com', '2019-12-06 11:08:31', 'AUTHENTICATION_SUCCESS'),
       (153, 'nguyenai240197', '2019-12-06 11:23:52', 'AUTHENTICATION_FAILURE'),
       (154, 'nguyenai240197@gmail.com', '2019-12-06 11:24:01', 'AUTHENTICATION_SUCCESS'),
       (155, 'admin@bkav.com', '2019-12-06 11:32:50', 'AUTHENTICATION_FAILURE'),
       (156, 'admin@localhost', '2019-12-06 11:33:25', 'AUTHENTICATION_SUCCESS'),
       (157, 'admin@localhost', '2019-12-06 12:21:44', 'AUTHENTICATION_FAILURE'),
       (158, 'admin@localhost', '2019-12-06 12:21:52', 'AUTHENTICATION_SUCCESS'),
       (159, 'nguyenai240197', '2019-12-06 12:50:13', 'AUTHENTICATION_FAILURE'),
       (160, 'nguyenai240197@gmail.com', '2019-12-06 12:50:20', 'AUTHENTICATION_SUCCESS'),
       (161, 'nguyenai240197@gmail.com', '2019-12-06 14:15:15', 'AUTHENTICATION_SUCCESS'),
       (162, 'admin@localhost', '2019-12-06 14:30:58', 'AUTHENTICATION_SUCCESS'),
       (163, 'user@localhost', '2019-12-06 14:31:36', 'AUTHENTICATION_SUCCESS'),
       (164, 'admin@localhost', '2019-12-06 14:32:54', 'AUTHENTICATION_SUCCESS'),
       (165, 'tdj40676@eveav.com', '2019-12-06 14:32:59', 'AUTHENTICATION_SUCCESS'),
       (166, 'admin@localhost', '2019-12-06 14:39:55', 'AUTHENTICATION_SUCCESS'),
       (167, 'admin@localhost', '2019-12-06 15:14:43', 'AUTHENTICATION_SUCCESS'),
       (168, 'Admin@localhost.com', '2019-12-06 15:49:49', 'AUTHENTICATION_FAILURE'),
       (169, 'Admin@localhost.com', '2019-12-06 15:50:08', 'AUTHENTICATION_FAILURE'),
       (170, 'admin@localhost', '2019-12-06 15:50:14', 'AUTHENTICATION_SUCCESS'),
       (171, 'admin@localhost', '2019-12-06 15:50:14', 'AUTHENTICATION_SUCCESS'),
       (172, 'admin@localhost', '2019-12-06 15:50:14', 'AUTHENTICATION_SUCCESS'),
       (173, 'admin@localhost', '2019-12-06 16:03:17', 'AUTHENTICATION_SUCCESS'),
       (174, 'nguyenai240197@gmail.com', '2019-12-06 18:09:35', 'AUTHENTICATION_SUCCESS'),
       (175, 'nguyenai240197@gmail.com', '2019-12-06 18:16:30', 'AUTHENTICATION_SUCCESS'),
       (176, 'kemchanh211297@gmail.com', '2019-12-09 10:50:45', 'AUTHENTICATION_SUCCESS'),
       (177, 'admin', '2019-12-09 11:47:41', 'AUTHENTICATION_FAILURE'),
       (178, 'admin@localhost', '2019-12-09 11:47:44', 'AUTHENTICATION_SUCCESS'),
       (179, 'kemchanh211297@gmail.com', '2019-12-09 12:24:17', 'AUTHENTICATION_SUCCESS'),
       (180, 'admin@localhost', '2019-12-09 15:46:09', 'AUTHENTICATION_SUCCESS'),
       (181, 'kemchanh211297@gmail.com', '2019-12-09 18:05:42', 'AUTHENTICATION_SUCCESS'),
       (182, 'admin@localhost', '2019-12-09 18:05:58', 'AUTHENTICATION_SUCCESS'),
       (183, 'kemchanh211297@gmail.com', '2019-12-09 18:13:55', 'AUTHENTICATION_FAILURE'),
       (184, 'kemchanh211297@gmail.com', '2019-12-09 18:14:01', 'AUTHENTICATION_SUCCESS'),
       (185, 'admin@localhost', '2019-12-09 18:16:36', 'AUTHENTICATION_SUCCESS'),
       (186, 'admin@localhost', '2019-12-10 14:42:21', 'AUTHENTICATION_SUCCESS'),
       (187, 'kemchanh211297@gmail.com', '2019-12-10 14:44:27', 'AUTHENTICATION_SUCCESS'),
       (188, 'admin@localhost', '2019-12-10 14:45:42', 'AUTHENTICATION_SUCCESS'),
       (189, 'admin@localhost', '2019-12-10 14:46:09', 'AUTHENTICATION_SUCCESS'),
       (190, 'admin@localhost', '2019-12-10 14:46:24', 'AUTHENTICATION_SUCCESS'),
       (191, 'kemchanh211297@gmail.com', '2019-12-10 14:47:49', 'AUTHENTICATION_SUCCESS'),
       (192, 'admin@localhost', '2019-12-10 14:51:11', 'AUTHENTICATION_SUCCESS'),
       (193, 'kemchanh211297@gmail.com', '2019-12-10 14:53:16', 'AUTHENTICATION_SUCCESS'),
       (194, 'admin@localhost', '2019-12-10 14:53:49', 'AUTHENTICATION_SUCCESS'),
       (195, 'kemchanh211297@gmail.com', '2019-12-10 14:54:31', 'AUTHENTICATION_SUCCESS'),
       (196, 'admin@localhost', '2019-12-10 14:55:27', 'AUTHENTICATION_SUCCESS'),
       (197, 'admin@localhost', '2019-12-10 15:15:06', 'AUTHENTICATION_SUCCESS'),
       (198, 'kemchanh211297@gmail.com', '2019-12-10 15:16:39', 'AUTHENTICATION_SUCCESS'),
       (199, 'admin@localhost', '2019-12-10 15:20:00', 'AUTHENTICATION_SUCCESS'),
       (200, 'kemchanh211297@gmail.com', '2019-12-10 15:23:46', 'AUTHENTICATION_SUCCESS'),
       (201, 'admin@localhost', '2019-12-10 15:24:29', 'AUTHENTICATION_SUCCESS'),
       (202, 'kemchanh211297@gmail.com', '2019-12-10 15:26:45', 'AUTHENTICATION_SUCCESS'),
       (203, 'admin@localhost', '2019-12-10 15:27:18', 'AUTHENTICATION_SUCCESS'),
       (204, 'kemchanh211297@gmail.com', '2019-12-10 15:29:05', 'AUTHENTICATION_SUCCESS'),
       (205, 'admin@localhost', '2019-12-10 15:29:58', 'AUTHENTICATION_SUCCESS'),
       (206, 'admin@localhost', '2019-12-10 15:29:58', 'AUTHENTICATION_SUCCESS'),
       (207, 'kemchanh211297@gmail.com', '2019-12-10 15:31:40', 'AUTHENTICATION_SUCCESS'),
       (208, 'admin@localhost', '2019-12-10 15:32:24', 'AUTHENTICATION_SUCCESS'),
       (209, 'kemchanh211297@gmail.com', '2019-12-10 15:32:40', 'AUTHENTICATION_SUCCESS'),
       (210, 'admin@localhost', '2019-12-10 15:33:37', 'AUTHENTICATION_SUCCESS'),
       (211, 'kemchanh211297@gmail.com', '2019-12-10 15:34:25', 'AUTHENTICATION_SUCCESS'),
       (212, 'admin', '2019-12-10 15:35:03', 'AUTHENTICATION_FAILURE'),
       (213, 'admin', '2019-12-10 15:35:05', 'AUTHENTICATION_FAILURE'),
       (214, 'admin@localhost', '2019-12-10 15:35:11', 'AUTHENTICATION_SUCCESS'),
       (215, 'kemchanh211297@gmail.com', '2019-12-10 15:36:07', 'AUTHENTICATION_SUCCESS'),
       (216, 'admin@localhost', '2019-12-10 15:36:57', 'AUTHENTICATION_SUCCESS'),
       (217, 'kemchanh211297@gmail.com', '2019-12-10 15:37:44', 'AUTHENTICATION_SUCCESS'),
       (218, 'admin@localhost', '2019-12-10 15:41:21', 'AUTHENTICATION_SUCCESS'),
       (219, 'kemchanh211297@gmail.com', '2019-12-10 15:42:20', 'AUTHENTICATION_SUCCESS'),
       (220, 'admin@localhost', '2019-12-10 15:44:09', 'AUTHENTICATION_SUCCESS'),
       (221, 'kemchanh211297@gmail.com', '2019-12-10 15:44:34', 'AUTHENTICATION_SUCCESS'),
       (222, 'admin@localhost', '2019-12-10 17:08:29', 'AUTHENTICATION_SUCCESS'),
       (223, 'kemchanh211297@gmail.com', '2019-12-10 17:10:54', 'AUTHENTICATION_SUCCESS'),
       (224, 'kemchanh211297@gmail.com', '2019-12-10 17:11:41', 'AUTHENTICATION_SUCCESS'),
       (225, 'admin@localhost', '2019-12-10 17:24:39', 'AUTHENTICATION_SUCCESS'),
       (226, 'kemchanh211297@gmail.com', '2019-12-10 17:56:51', 'AUTHENTICATION_SUCCESS'),
       (227, 'admin@localhost', '2019-12-10 17:57:21', 'AUTHENTICATION_SUCCESS'),
       (228, 'kemchanh211297@gmail.com', '2019-12-10 17:58:17', 'AUTHENTICATION_SUCCESS'),
       (229, 'admin@localhost', '2019-12-10 18:02:31', 'AUTHENTICATION_SUCCESS'),
       (230, 'kemchanh211297@gmail.com', '2019-12-10 18:04:13', 'AUTHENTICATION_SUCCESS'),
       (231, 'admin@localhost', '2019-12-10 18:05:41', 'AUTHENTICATION_SUCCESS'),
       (232, 'kemchanh211297@gmail.com', '2019-12-10 18:07:03', 'AUTHENTICATION_SUCCESS'),
       (233, 'kemchanh211297@gmail.com', '2019-12-10 18:07:52', 'AUTHENTICATION_SUCCESS'),
       (234, 'admin@localhost', '2019-12-10 18:08:10', 'AUTHENTICATION_SUCCESS'),
       (235, 'admin@localhost', '2019-12-10 18:11:40', 'AUTHENTICATION_SUCCESS'),
       (236, 'kemchanh211297@gmail.com', '2019-12-10 18:19:45', 'AUTHENTICATION_SUCCESS'),
       (237, 'kemchanh211297@gmail.com', '2019-12-11 10:37:56', 'AUTHENTICATION_SUCCESS'),
       (238, 'kemchanh211297@gmail.com', '2019-12-11 10:37:56', 'AUTHENTICATION_SUCCESS'),
       (239, 'kemchanh211297@gmail.com', '2019-12-11 10:38:48', 'AUTHENTICATION_SUCCESS'),
       (240, 'admin@localhost', '2019-12-11 12:43:41', 'AUTHENTICATION_SUCCESS'),
       (241, 'admin@localhost', '2019-12-11 12:51:54', 'AUTHENTICATION_SUCCESS'),
       (242, 'admin@localhost', '2019-12-11 12:52:22', 'AUTHENTICATION_SUCCESS'),
       (243, 'admin@localhost', '2019-12-11 12:53:27', 'AUTHENTICATION_SUCCESS'),
       (244, 'kemchanh211297@gmail.com', '2019-12-11 14:50:47', 'AUTHENTICATION_SUCCESS'),
       (245, 'admin@localhost', '2019-12-11 14:53:59', 'AUTHENTICATION_SUCCESS'),
       (246, 'admin@localhost', '2019-12-11 15:05:20', 'AUTHENTICATION_SUCCESS'),
       (247, 'nguyenai240197@gmail.com', '2019-12-11 15:17:09', 'AUTHENTICATION_SUCCESS'),
       (248, 'nguyenai240197@gmail.com', '2019-12-11 15:42:36', 'AUTHENTICATION_SUCCESS'),
       (249, 'admin@localhost', '2019-12-11 15:49:02', 'AUTHENTICATION_SUCCESS'),
       (250, 'nguyenai240197@gmail.com', '2019-12-11 15:57:31', 'AUTHENTICATION_SUCCESS'),
       (251, 'admin@localhost', '2019-12-11 16:18:52', 'AUTHENTICATION_SUCCESS'),
       (252, 'admin@localhost', '2019-12-11 16:19:54', 'AUTHENTICATION_SUCCESS'),
       (253, 'admin@localhost', '2019-12-11 16:26:37', 'AUTHENTICATION_SUCCESS'),
       (254, 'admin@localhost', '2019-12-11 17:11:57', 'AUTHENTICATION_SUCCESS'),
       (255, 'kemchanh211297@gmail.com', '2019-12-11 17:28:42', 'AUTHENTICATION_SUCCESS'),
       (256, 'admin@localhost', '2019-12-11 17:41:09', 'AUTHENTICATION_SUCCESS'),
       (257, 'kemchanh211297@gmail.com', '2019-12-11 17:42:26', 'AUTHENTICATION_SUCCESS'),
       (258, 'admin@localhost', '2019-12-11 17:43:39', 'AUTHENTICATION_SUCCESS'),
       (259, 'kemchanh211297@gmail.com', '2019-12-11 17:46:10', 'AUTHENTICATION_SUCCESS'),
       (260, 'admin@localhost', '2019-12-11 17:47:04', 'AUTHENTICATION_SUCCESS'),
       (261, 'kemchanh211297@gmail.com', '2019-12-11 17:48:04', 'AUTHENTICATION_SUCCESS'),
       (262, 'admin@localhost', '2019-12-11 17:49:34', 'AUTHENTICATION_SUCCESS'),
       (263, 'kemchanh211297@gmail.com', '2019-12-11 17:51:13', 'AUTHENTICATION_SUCCESS'),
       (264, 'admin@localhost', '2019-12-11 17:52:57', 'AUTHENTICATION_SUCCESS'),
       (265, 'kemchanh211297@gmail.com', '2019-12-11 17:53:37', 'AUTHENTICATION_SUCCESS'),
       (266, 'kemchanh211297@gmail.com', '2019-12-11 17:54:27', 'AUTHENTICATION_SUCCESS'),
       (267, 'admin@localhost', '2019-12-11 17:55:02', 'AUTHENTICATION_SUCCESS'),
       (268, 'kemchanh211297@gmail.com', '2019-12-11 17:55:32', 'AUTHENTICATION_SUCCESS'),
       (269, 'admin@localhost', '2019-12-11 17:56:13', 'AUTHENTICATION_SUCCESS'),
       (270, 'kemchanh211297@gmail.com', '2019-12-11 17:57:58', 'AUTHENTICATION_SUCCESS'),
       (271, 'admin@localhost', '2019-12-11 17:59:16', 'AUTHENTICATION_SUCCESS'),
       (272, 'kemchanh211297@gmail.com', '2019-12-11 18:00:12', 'AUTHENTICATION_SUCCESS'),
       (273, 'admin@localhost', '2019-12-11 18:37:27', 'AUTHENTICATION_SUCCESS'),
       (274, 'kemchanh211297@gmail.com', '2019-12-11 18:38:06', 'AUTHENTICATION_SUCCESS'),
       (275, 'admin@localhost', '2019-12-11 18:40:57', 'AUTHENTICATION_SUCCESS'),
       (276, 'admin@localhost', '2019-12-11 18:51:23', 'AUTHENTICATION_SUCCESS'),
       (277, 'admin@localhost', '2019-12-11 18:53:23', 'AUTHENTICATION_SUCCESS'),
       (278, 'admin@localhost', '2019-12-11 18:53:35', 'AUTHENTICATION_SUCCESS'),
       (279, 'thu6@gmail.com', '2019-12-11 18:55:17', 'AUTHENTICATION_FAILURE'),
       (280, 'thu6@gmail.com', '2019-12-11 18:55:20', 'AUTHENTICATION_FAILURE'),
       (281, 'thu6@gmail.com', '2019-12-11 18:55:23', 'AUTHENTICATION_FAILURE'),
       (282, 'thu6@gmail.com', '2019-12-11 18:55:28', 'AUTHENTICATION_FAILURE'),
       (283, 'admin@localhost', '2019-12-12 09:45:48', 'AUTHENTICATION_FAILURE'),
       (284, 'admin@localhost', '2019-12-12 09:45:57', 'AUTHENTICATION_SUCCESS'),
       (285, 'admin@localhost', '2019-12-12 09:50:59', 'AUTHENTICATION_SUCCESS'),
       (286, 'admin@localhost', '2019-12-12 11:06:13', 'AUTHENTICATION_SUCCESS'),
       (287, 'admin@localhost', '2019-12-12 11:38:20', 'AUTHENTICATION_SUCCESS'),
       (288, 'admin@localhost', '2019-12-12 14:34:53', 'AUTHENTICATION_SUCCESS'),
       (289, 'manhkiem41@gmail.com', '2019-12-12 14:36:37', 'AUTHENTICATION_SUCCESS'),
       (290, 'admin@localhost', '2019-12-12 14:41:54', 'AUTHENTICATION_SUCCESS'),
       (291, 'admin@localhost', '2019-12-12 14:42:46', 'AUTHENTICATION_SUCCESS'),
       (292, 'admin@localhost', '2019-12-12 14:48:52', 'AUTHENTICATION_SUCCESS'),
       (293, 'admin@localhost', '2019-12-12 15:07:39', 'AUTHENTICATION_SUCCESS'),
       (294, 'kemchanh211297@gmail.com', '2019-12-12 15:27:59', 'AUTHENTICATION_SUCCESS'),
       (295, 'admin@localhost', '2019-12-12 15:28:32', 'AUTHENTICATION_SUCCESS'),
       (296, 'kemchanh211297@gmail.com', '2019-12-12 15:29:21', 'AUTHENTICATION_SUCCESS'),
       (297, 'admin@localhost', '2019-12-12 15:30:00', 'AUTHENTICATION_SUCCESS'),
       (298, 'kemchanh211297@gmail.com', '2019-12-12 15:48:57', 'AUTHENTICATION_SUCCESS'),
       (299, 'admin@localhost', '2019-12-12 16:00:53', 'AUTHENTICATION_SUCCESS'),
       (300, 'kemchanh211297@gmail.com', '2019-12-12 16:02:30', 'AUTHENTICATION_SUCCESS'),
       (301, 'admin@localhost', '2019-12-12 16:24:13', 'AUTHENTICATION_SUCCESS'),
       (302, 'admin@localhost', '2019-12-12 16:32:51', 'AUTHENTICATION_SUCCESS'),
       (303, 'admin@localhost', '2019-12-12 16:35:31', 'AUTHENTICATION_SUCCESS'),
       (304, 'nguyenai240197@gmail.com', '2019-12-12 16:37:23', 'AUTHENTICATION_SUCCESS'),
       (305, 'kemchanh211297@gmail.com', '2019-12-12 17:07:12', 'AUTHENTICATION_SUCCESS'),
       (306, 'admin@localhost', '2019-12-13 10:06:58', 'AUTHENTICATION_SUCCESS'),
       (307, 'nguyenai240197@gmail.com', '2019-12-13 10:30:28', 'AUTHENTICATION_SUCCESS'),
       (308, 'admin@localhost', '2019-12-13 11:41:38', 'AUTHENTICATION_SUCCESS'),
       (309, 'admin@localhost', '2019-12-13 15:56:28', 'AUTHENTICATION_SUCCESS'),
       (310, 'nguyenai240197@gmail.com', '2019-12-13 16:47:57', 'AUTHENTICATION_SUCCESS'),
       (311, 'nguyenai240197@gmail.com', '2019-12-13 16:53:55', 'AUTHENTICATION_SUCCESS'),
       (312, 'admin@localhost', '2019-12-13 16:55:34', 'AUTHENTICATION_SUCCESS'),
       (313, 'admin@localhost', '2019-12-13 16:56:07', 'AUTHENTICATION_SUCCESS'),
       (314, 'nguyenai240197@gmail.com', '2019-12-13 16:59:57', 'AUTHENTICATION_SUCCESS'),
       (315, 'nguyenai240197@gmail.com', '2019-12-13 17:03:51', 'AUTHENTICATION_SUCCESS'),
       (316, 'admin@localhost', '2019-12-13 17:39:36', 'AUTHENTICATION_SUCCESS'),
       (317, 'nguyenlananhvictory@gmail.com', '2019-12-13 17:41:09', 'AUTHENTICATION_SUCCESS'),
       (318, 'nguyenai240197@gmail.com', '2019-12-13 17:45:33', 'AUTHENTICATION_SUCCESS'),
       (319, 'admin@localhost', '2019-12-13 17:47:10', 'AUTHENTICATION_SUCCESS'),
       (320, 'nguyenlananhvictory@gmail.com', '2019-12-13 17:47:21', 'AUTHENTICATION_SUCCESS'),
       (321, 'nguyenlananhvictory@gmail.com', '2019-12-13 17:48:03', 'AUTHENTICATION_SUCCESS'),
       (322, 'nguyenai240197@gmail.com', '2019-12-13 17:51:01', 'AUTHENTICATION_SUCCESS'),
       (323, 'nguyenai240197@gmail.com', '2019-12-13 17:55:02', 'AUTHENTICATION_SUCCESS'),
       (324, 'admin@localhost', '2019-12-15 01:29:59', 'AUTHENTICATION_SUCCESS'),
       (325, 'admin@localhost', '2019-12-15 21:17:24', 'AUTHENTICATION_SUCCESS'),
       (326, 'nguyenlananhvictory@gmail.com', '2019-12-16 10:22:06', 'AUTHENTICATION_SUCCESS'),
       (327, 'nguyenai240197@gmail.com', '2019-12-16 10:22:22', 'AUTHENTICATION_SUCCESS'),
       (328, 'admin@localhost', '2019-12-16 10:22:42', 'AUTHENTICATION_SUCCESS'),
       (329, 'nguyenai240197@gmail.com', '2019-12-16 10:29:11', 'AUTHENTICATION_SUCCESS'),
       (330, 'admin@localhost', '2019-12-16 11:28:18', 'AUTHENTICATION_SUCCESS'),
       (331, 'admin@localhost', '2019-12-16 11:42:15', 'AUTHENTICATION_SUCCESS'),
       (332, 'admin@localhost', '2019-12-16 11:42:57', 'AUTHENTICATION_SUCCESS'),
       (333, 'admin@localhost', '2019-12-16 11:42:58', 'AUTHENTICATION_SUCCESS'),
       (334, 'admin@localhost', '2019-12-16 11:43:16', 'AUTHENTICATION_SUCCESS'),
       (335, 'admin@localhost', '2019-12-16 11:52:29', 'AUTHENTICATION_SUCCESS'),
       (336, 'kemchanh211297@gmail.com', '2019-12-16 11:52:41', 'AUTHENTICATION_SUCCESS'),
       (337, 'kemchanh211297@gmail.com', '2019-12-16 12:14:10', 'AUTHENTICATION_SUCCESS'),
       (338, 'admin@localhost', '2019-12-16 12:23:14', 'AUTHENTICATION_SUCCESS'),
       (339, 'admin@localhost', '2019-12-16 14:48:13', 'AUTHENTICATION_SUCCESS'),
       (340, 'admin@localhost', '2019-12-17 12:16:04', 'AUTHENTICATION_SUCCESS'),
       (341, 'admin@localhost', '2019-12-17 14:27:05', 'AUTHENTICATION_SUCCESS'),
       (342, 'admin@localhost', '2019-12-17 14:30:03', 'AUTHENTICATION_SUCCESS'),
       (343, 'nguyenai240197@gmail.com', '2019-12-17 16:25:12', 'AUTHENTICATION_SUCCESS'),
       (344, 'nguyenai240197@gmail.com', '2019-12-17 16:31:18', 'AUTHENTICATION_SUCCESS'),
       (345, 'admin@localhost', '2019-12-17 16:37:29', 'AUTHENTICATION_SUCCESS'),
       (346, 'nguyenai240197@gmail.com', '2019-12-17 16:39:11', 'AUTHENTICATION_SUCCESS'),
       (347, 'nguyenai240197@gmail.com', '2019-12-17 16:47:36', 'AUTHENTICATION_SUCCESS'),
       (348, 'admin@localhost', '2019-12-17 16:53:52', 'AUTHENTICATION_SUCCESS'),
       (349, 'nguyenlananhvictory@gmail.com', '2019-12-17 17:10:54', 'AUTHENTICATION_SUCCESS'),
       (350, 'admin@localhost', '2019-12-17 17:25:29', 'AUTHENTICATION_SUCCESS'),
       (351, 'admin@localhost', '2019-12-17 17:51:03', 'AUTHENTICATION_SUCCESS'),
       (352, 'nguyenai240197@gmail.com', '2019-12-18 09:43:13', 'AUTHENTICATION_SUCCESS'),
       (353, 'admin@localhost', '2019-12-18 09:44:14', 'AUTHENTICATION_SUCCESS'),
       (354, 'admin@localhost', '2019-12-18 09:44:14', 'AUTHENTICATION_SUCCESS'),
       (355, 'nguyenlananhvictory@gmail.com', '2019-12-18 09:46:24', 'AUTHENTICATION_SUCCESS'),
       (356, 'nguyenlananhvictory@gmail.com', '2019-12-18 10:05:47', 'AUTHENTICATION_SUCCESS'),
       (357, 'admin@localhost', '2019-12-18 10:11:32', 'AUTHENTICATION_SUCCESS'),
       (358, 'admin@localhost', '2019-12-18 10:11:32', 'AUTHENTICATION_SUCCESS'),
       (359, 'admin@localhost', '2019-12-18 10:11:32', 'AUTHENTICATION_SUCCESS'),
       (360, 'admin@localhost', '2019-12-18 10:11:33', 'AUTHENTICATION_SUCCESS'),
       (361, 'admin@localhost', '2019-12-18 10:20:53', 'AUTHENTICATION_SUCCESS'),
       (362, 'admin@localhost', '2019-12-18 10:21:50', 'AUTHENTICATION_SUCCESS'),
       (363, 'admin@localhost', '2019-12-18 10:25:09', 'AUTHENTICATION_SUCCESS'),
       (364, 'nguyenlananhvictory@gmail.com', '2019-12-18 10:45:47', 'AUTHENTICATION_SUCCESS'),
       (365, 'nguyenai240197@gmail.com', '2019-12-18 10:51:43', 'AUTHENTICATION_SUCCESS'),
       (366, 'nguyenai240197@gmail.com', '2019-12-18 10:52:27', 'AUTHENTICATION_SUCCESS'),
       (367, 'nguyenai2401@gmail.com', '2019-12-18 10:53:20', 'AUTHENTICATION_FAILURE'),
       (368, 'nguyenai2401@gmail.com', '2019-12-18 10:53:26', 'AUTHENTICATION_FAILURE'),
       (369, 'nguyenai2401@gmail.com', '2019-12-18 10:53:31', 'AUTHENTICATION_FAILURE'),
       (370, 'nguyenai2401@gmail.com', '2019-12-18 10:53:36', 'AUTHENTICATION_FAILURE'),
       (371, 'admin@localhost', '2019-12-18 10:53:50', 'AUTHENTICATION_SUCCESS'),
       (372, 'nguyenai240197@gmail.com', '2019-12-18 10:53:54', 'AUTHENTICATION_SUCCESS'),
       (373, 'admin@localhost', '2019-12-18 11:19:03', 'AUTHENTICATION_SUCCESS'),
       (374, 'admin@localhost', '2019-12-18 11:44:08', 'AUTHENTICATION_SUCCESS'),
       (375, 'admin@localhost', '2019-12-18 11:59:50', 'AUTHENTICATION_SUCCESS'),
       (376, 'admin@localhost', '2019-12-18 12:06:39', 'AUTHENTICATION_SUCCESS'),
       (377, 'admin@localhost', '2019-12-18 12:53:15', 'AUTHENTICATION_SUCCESS'),
       (378, 'nguyenai240197@gmail.com', '2019-12-18 14:16:00', 'AUTHENTICATION_SUCCESS'),
       (379, 'admin@localhost', '2019-12-18 14:19:22', 'AUTHENTICATION_SUCCESS'),
       (380, 'admin@localhost', '2019-12-18 14:20:04', 'AUTHENTICATION_SUCCESS'),
       (381, 'nguyenai240197@gmail.com', '2019-12-18 14:20:55', 'AUTHENTICATION_FAILURE'),
       (382, 'nguyenai240197@gmail.com', '2019-12-18 14:21:02', 'AUTHENTICATION_SUCCESS'),
       (383, 'nguyenai240197@gmail.com', '2019-12-18 14:25:56', 'AUTHENTICATION_SUCCESS'),
       (384, 'nguyenai240197@gmail.com', '2019-12-18 14:31:52', 'AUTHENTICATION_SUCCESS'),
       (385, 'nguyenai240197@gmail.com', '2019-12-18 14:32:32', 'AUTHENTICATION_SUCCESS'),
       (386, 'admin@localhost', '2019-12-18 14:35:58', 'AUTHENTICATION_SUCCESS'),
       (387, 'admin@localhost', '2019-12-18 14:39:00', 'AUTHENTICATION_SUCCESS'),
       (388, 'admin@localhost', '2019-12-18 14:39:11', 'AUTHENTICATION_SUCCESS'),
       (389, 'nguyenai240197@gmail.com', '2019-12-18 14:40:57', 'AUTHENTICATION_SUCCESS'),
       (390, 'nguyenlananhvictory@gmail.com', '2019-12-18 14:51:06', 'AUTHENTICATION_SUCCESS'),
       (391, 'admin@localhost', '2019-12-18 14:51:48', 'AUTHENTICATION_SUCCESS'),
       (392, 'nguyenai240197@gmail.com', '2019-12-18 14:56:45', 'AUTHENTICATION_SUCCESS'),
       (393, 'nguyenai240197@gmail.com', '2019-12-18 14:59:16', 'AUTHENTICATION_SUCCESS'),
       (394, 'admin@localhost', '2019-12-18 15:00:10', 'AUTHENTICATION_SUCCESS'),
       (395, 'nguyenai240197@gmail.com', '2019-12-18 15:01:03', 'AUTHENTICATION_SUCCESS'),
       (396, 'nguyenai240197@gmail.com', '2019-12-18 15:01:45', 'AUTHENTICATION_SUCCESS'),
       (397, 'admin@localhost', '2019-12-18 15:02:56', 'AUTHENTICATION_SUCCESS'),
       (398, 'admin@localhost', '2019-12-18 15:09:47', 'AUTHENTICATION_SUCCESS'),
       (399, 'admin@localhost', '2019-12-18 15:16:27', 'AUTHENTICATION_SUCCESS'),
       (400, 'nguyenlananhvictory@gmail.com', '2019-12-18 15:19:50', 'AUTHENTICATION_SUCCESS'),
       (401, 'nguyenlananhvictory@gmail.com', '2019-12-18 15:19:50', 'AUTHENTICATION_SUCCESS'),
       (402, 'nguyenlananhvictory@gmail.com', '2019-12-18 15:25:27', 'AUTHENTICATION_SUCCESS'),
       (403, 'admin@localhost', '2019-12-18 15:28:43', 'AUTHENTICATION_SUCCESS'),
       (404, 'admin@localhost', '2019-12-18 15:28:43', 'AUTHENTICATION_SUCCESS'),
       (405, 'admin@localhost', '2019-12-18 15:29:05', 'AUTHENTICATION_SUCCESS'),
       (406, 'ntbichha88@gmail.com', '2019-12-18 15:43:39', 'AUTHENTICATION_FAILURE'),
       (407, 'admin@localhost', '2019-12-18 15:44:07', 'AUTHENTICATION_SUCCESS'),
       (408, 'keepmoving11a7@gmail.com', '2019-12-18 15:51:04', 'AUTHENTICATION_SUCCESS'),
       (409, 'admin@localhost', '2019-12-18 15:53:38', 'AUTHENTICATION_SUCCESS'),
       (410, 'keepmoving11a7@gmail.com', '2019-12-18 16:47:47', 'AUTHENTICATION_SUCCESS'),
       (411, 'keepmoving11a7@gmail.com', '2019-12-18 16:48:49', 'AUTHENTICATION_SUCCESS'),
       (412, 'nguyenai240197@gmail.com', '2019-12-18 16:49:27', 'AUTHENTICATION_SUCCESS'),
       (413, 'nguyenai240197@gmail.com', '2019-12-18 16:58:10', 'AUTHENTICATION_SUCCESS'),
       (414, 'admin@localhost', '2019-12-18 17:02:56', 'AUTHENTICATION_SUCCESS'),
       (415, 'admin@localhost', '2019-12-18 17:05:57', 'AUTHENTICATION_SUCCESS'),
       (416, 'lananhvictory@gmail.com', '2019-12-18 17:44:27', 'AUTHENTICATION_FAILURE'),
       (417, 'admin@localhost', '2019-12-18 17:48:38', 'AUTHENTICATION_FAILURE'),
       (418, 'admin@localhost', '2019-12-18 17:48:42', 'AUTHENTICATION_FAILURE'),
       (419, 'admin@localhost', '2019-12-18 17:48:53', 'AUTHENTICATION_SUCCESS'),
       (420, 'nguyenlananhvictory@gmail.com', '2019-12-18 18:37:18', 'AUTHENTICATION_SUCCESS'),
       (421, 'nguyenlananhvictory@gmail.com', '2019-12-18 19:59:22', 'AUTHENTICATION_SUCCESS'),
       (422, 'admin@localhost', '2019-12-19 10:10:33', 'AUTHENTICATION_SUCCESS'),
       (423, 'nguyenlananhvictory@gmail.com', '2019-12-19 10:11:01', 'AUTHENTICATION_SUCCESS'),
       (424, 'admin@localhost', '2019-12-19 11:43:53', 'AUTHENTICATION_SUCCESS'),
       (425, 'admin@localhost', '2019-12-19 12:01:11', 'AUTHENTICATION_SUCCESS'),
       (426, 'user@localhost', '2019-12-19 13:08:06', 'AUTHENTICATION_SUCCESS'),
       (427, 'nguyenai240197@gmail.com', '2019-12-19 13:08:25', 'AUTHENTICATION_SUCCESS'),
       (428, 'nguyenai240197@gmail.com', '2019-12-19 13:09:05', 'AUTHENTICATION_SUCCESS'),
       (429, 'admin@localhost', '2019-12-19 14:43:56', 'AUTHENTICATION_SUCCESS'),
       (430, 'admin@localhost', '2019-12-20 10:47:00', 'AUTHENTICATION_SUCCESS'),
       (431, 'kemchanh211297@gmail.com', '2019-12-20 12:33:39', 'AUTHENTICATION_SUCCESS'),
       (432, 'admin@localhost', '2019-12-20 14:53:39', 'AUTHENTICATION_SUCCESS'),
       (433, 'kemchanh211297@gmail.com', '2019-12-20 14:54:07', 'AUTHENTICATION_SUCCESS'),
       (434, 'admin@localhost', '2019-12-20 14:55:35', 'AUTHENTICATION_SUCCESS'),
       (435, 'admin@localhost', '2019-12-20 14:58:33', 'AUTHENTICATION_SUCCESS'),
       (436, 'admin@localhost', '2019-12-20 14:59:36', 'AUTHENTICATION_SUCCESS'),
       (437, 'kemchanh211297@gmail.com', '2019-12-20 15:08:42', 'AUTHENTICATION_SUCCESS'),
       (438, 'kemchanh211297@gmail.com', '2019-12-20 15:17:37', 'AUTHENTICATION_SUCCESS'),
       (439, 'admin@localhost', '2019-12-20 15:18:08', 'AUTHENTICATION_SUCCESS'),
       (440, 'admin@localhost', '2019-12-20 15:19:29', 'AUTHENTICATION_SUCCESS'),
       (441, 'kemchanh211297@gmail.com', '2019-12-20 16:50:24', 'AUTHENTICATION_SUCCESS'),
       (442, 'admin@localhost', '2019-12-20 16:56:48', 'AUTHENTICATION_SUCCESS'),
       (443, 'admin@localhost', '2019-12-20 17:01:00', 'AUTHENTICATION_SUCCESS'),
       (444, 'kemchanh211297@gmail.com', '2019-12-20 17:02:35', 'AUTHENTICATION_SUCCESS'),
       (445, 'admin@localhost', '2019-12-20 17:04:54', 'AUTHENTICATION_SUCCESS'),
       (446, 'kemchanh211297@gmail.com', '2019-12-20 17:08:51', 'AUTHENTICATION_SUCCESS'),
       (447, 'admin@localhost', '2019-12-20 17:29:45', 'AUTHENTICATION_SUCCESS'),
       (448, 'admin@localhost', '2019-12-20 18:28:28', 'AUTHENTICATION_SUCCESS'),
       (449, 'kemchanh211297@gmail.com', '2019-12-20 18:34:41', 'AUTHENTICATION_SUCCESS'),
       (450, 'admin@localhost', '2019-12-20 18:51:39', 'AUTHENTICATION_SUCCESS'),
       (451, 'admin@localhost', '2019-12-20 19:01:16', 'AUTHENTICATION_SUCCESS'),
       (452, 'kemchanh211297@gmail.com', '2019-12-20 19:02:10', 'AUTHENTICATION_SUCCESS'),
       (453, 'admin@localhost', '2019-12-23 11:06:44', 'AUTHENTICATION_SUCCESS'),
       (454, 'admin@localhost', '2019-12-23 11:08:34', 'AUTHENTICATION_SUCCESS'),
       (455, 'kemchanh211297@gmail.com', '2019-12-23 17:18:16', 'AUTHENTICATION_SUCCESS'),
       (456, 'admin@localhost', '2019-12-23 17:39:03', 'AUTHENTICATION_SUCCESS'),
       (457, 'admin@localhost', '2019-12-24 09:51:19', 'AUTHENTICATION_SUCCESS'),
       (458, 'nguyenlananhvictory@gmail.com', '2019-12-24 09:52:32', 'AUTHENTICATION_SUCCESS'),
       (459, 'admin@localhost', '2019-12-24 09:52:36', 'AUTHENTICATION_SUCCESS'),
       (460, 'admin@localhost', '2019-12-24 09:55:53', 'AUTHENTICATION_SUCCESS'),
       (461, 'nguyenai240197@gmail.com', '2019-12-24 10:00:54', 'AUTHENTICATION_SUCCESS'),
       (462, 'admin@localhost', '2019-12-24 10:20:24', 'AUTHENTICATION_SUCCESS'),
       (463, 'nguyenlananhvictory@gmail.com', '2019-12-24 10:27:08', 'AUTHENTICATION_SUCCESS'),
       (464, 'nguyenai240197@gmail.com', '2019-12-24 10:33:18', 'AUTHENTICATION_SUCCESS'),
       (465, 'admin@localhost', '2019-12-24 10:35:14', 'AUTHENTICATION_SUCCESS'),
       (466, 'nguyenai240197@gmail.com', '2019-12-24 10:44:13', 'AUTHENTICATION_SUCCESS'),
       (467, 'admin@localhost', '2019-12-24 10:52:37', 'AUTHENTICATION_SUCCESS'),
       (468, 'nguyenai240197@gmail.com', '2019-12-24 11:02:57', 'AUTHENTICATION_SUCCESS'),
       (469, 'nguyenai240197@gmail.com', '2019-12-24 11:24:13', 'AUTHENTICATION_SUCCESS'),
       (470, 'admin@localhost', '2019-12-24 11:34:19', 'AUTHENTICATION_SUCCESS'),
       (471, 'admin@localhost', '2019-12-24 11:34:26', 'AUTHENTICATION_SUCCESS'),
       (472, 'admin@localhost', '2019-12-24 11:35:29', 'AUTHENTICATION_SUCCESS'),
       (473, 'nguyenlananhvictory@gmail.com', '2019-12-24 11:35:38', 'AUTHENTICATION_SUCCESS'),
       (474, 'nguyenlananhvictory@gmail.com', '2019-12-24 11:44:51', 'AUTHENTICATION_SUCCESS'),
       (475, 'admin@localhost', '2019-12-24 11:46:10', 'AUTHENTICATION_SUCCESS'),
       (476, 'admin@localhost', '2019-12-24 11:46:10', 'AUTHENTICATION_SUCCESS'),
       (477, 'admin@localhost', '2019-12-24 11:46:11', 'AUTHENTICATION_SUCCESS'),
       (478, 'admin@localhost', '2019-12-24 11:47:03', 'AUTHENTICATION_SUCCESS'),
       (479, 'nguyenlananhvictory@gmail.com', '2019-12-24 11:48:04', 'AUTHENTICATION_SUCCESS'),
       (480, 'nguyenlananhvictory@gmail.com', '2019-12-24 11:48:04', 'AUTHENTICATION_SUCCESS'),
       (481, 'admin@localhost', '2019-12-24 11:56:43', 'AUTHENTICATION_SUCCESS'),
       (482, 'admin@localhost', '2019-12-24 11:56:43', 'AUTHENTICATION_SUCCESS'),
       (483, 'nguyenlananhvictory@gmail.com', '2019-12-24 11:58:07', 'AUTHENTICATION_SUCCESS'),
       (484, 'nguyenlananhvictory@gmail.com', '2019-12-24 11:58:07', 'AUTHENTICATION_SUCCESS'),
       (485, 'admin@localhost', '2019-12-24 12:09:59', 'AUTHENTICATION_SUCCESS'),
       (486, 'nguyenlananhvictory@gmail.com', '2019-12-24 12:10:01', 'AUTHENTICATION_SUCCESS'),
       (487, 'admin@localhost', '2019-12-24 12:10:06', 'AUTHENTICATION_SUCCESS'),
       (488, 'nguyenai240197@gmail.com', '2019-12-24 12:10:16', 'AUTHENTICATION_SUCCESS'),
       (489, 'nguyenlananhvictory@gmail.com', '2019-12-24 12:11:10', 'AUTHENTICATION_SUCCESS'),
       (490, 'nguyenlananhvictory@gmail.com', '2019-12-24 12:14:42', 'AUTHENTICATION_SUCCESS'),
       (491, 'admin@localhost', '2019-12-24 12:22:09', 'AUTHENTICATION_SUCCESS'),
       (492, 'admin@localhost', '2019-12-24 12:22:09', 'AUTHENTICATION_SUCCESS'),
       (493, 'admin@localhost', '2019-12-24 12:27:31', 'AUTHENTICATION_SUCCESS'),
       (494, 'nguyenai240197@gmail.com', '2019-12-24 12:30:06', 'AUTHENTICATION_SUCCESS'),
       (495, 'nguyenlananhvictory@gmail.com', '2019-12-24 12:43:04', 'AUTHENTICATION_SUCCESS'),
       (496, 'admin@localhost', '2019-12-24 12:46:41', 'AUTHENTICATION_SUCCESS'),
       (497, 'admin@localhost', '2019-12-24 12:46:42', 'AUTHENTICATION_SUCCESS'),
       (498, 'keepmoving11a7@gmail.com', '2019-12-24 14:11:42', 'AUTHENTICATION_SUCCESS'),
       (499, 'keepmoving11a7@gmail.com', '2019-12-24 14:14:00', 'AUTHENTICATION_SUCCESS'),
       (500, 'nguyenlananhvictory@gmail.com', '2019-12-24 14:30:45', 'AUTHENTICATION_SUCCESS'),
       (501, 'nguyenai240197@gmail.com', '2019-12-24 14:41:47', 'AUTHENTICATION_SUCCESS'),
       (502, 'nguyenai240197@gmail.com', '2019-12-24 14:43:01', 'AUTHENTICATION_SUCCESS'),
       (503, 'nguyenlananhvictory@gmail.com', '2019-12-24 14:48:37', 'AUTHENTICATION_SUCCESS'),
       (504, 'nguyenlananhvictory@gmail.com', '2019-12-24 14:48:37', 'AUTHENTICATION_SUCCESS'),
       (505, 'nguyenlananhvictory@gmail.com', '2019-12-24 14:55:53', 'AUTHENTICATION_SUCCESS'),
       (506, 'keepmoving11a7@gmail.com', '2019-12-24 15:01:04', 'AUTHENTICATION_SUCCESS'),
       (507, 'keepmoving11a7@gmail.com', '2019-12-24 15:01:51', 'AUTHENTICATION_SUCCESS'),
       (508, 'nguyenlananhvictory@gmail.com', '2019-12-24 15:04:16', 'AUTHENTICATION_SUCCESS'),
       (509, 'nguyenai240197@gmail.com', '2019-12-24 15:10:28', 'AUTHENTICATION_SUCCESS'),
       (510, 'admin@localhost', '2019-12-24 15:11:23', 'AUTHENTICATION_SUCCESS'),
       (511, 'admin', '2019-12-24 15:36:49', 'AUTHENTICATION_FAILURE'),
       (512, 'admin@localhost', '2019-12-24 15:36:55', 'AUTHENTICATION_SUCCESS'),
       (513, 'keepmoving11a7@gmail.com', '2019-12-24 15:57:11', 'AUTHENTICATION_SUCCESS'),
       (514, 'admin@localhost', '2019-12-24 17:53:46', 'AUTHENTICATION_SUCCESS'),
       (515, 'keepmoving11a7@gmail.com', '2019-12-24 18:04:59', 'AUTHENTICATION_SUCCESS'),
       (516, 'hangtb', '2019-12-25 09:57:22', 'AUTHENTICATION_FAILURE'),
       (517, 'admin@localhost', '2019-12-25 09:57:31', 'AUTHENTICATION_SUCCESS'),
       (518, 'admin@localhost', '2019-12-25 16:53:38', 'AUTHENTICATION_SUCCESS'),
       (519, 'admin@localhost', '2019-12-26 11:26:19', 'AUTHENTICATION_SUCCESS'),
       (520, 'admin@localhost', '2019-12-26 11:47:42', 'AUTHENTICATION_SUCCESS'),
       (521, 'admin@localhost', '2019-12-26 12:11:12', 'AUTHENTICATION_SUCCESS'),
       (522, 'admin@localhost', '2019-12-26 17:53:50', 'AUTHENTICATION_SUCCESS'),
       (523, 'admin@localhost', '2019-12-27 10:21:55', 'AUTHENTICATION_SUCCESS'),
       (524, 'kemchanh211297@gmail.com', '2019-12-27 12:37:17', 'AUTHENTICATION_SUCCESS'),
       (525, 'admin@localhost', '2019-12-27 12:42:09', 'AUTHENTICATION_SUCCESS'),
       (526, 'kemchanh211297@gmail.com', '2019-12-27 12:44:22', 'AUTHENTICATION_SUCCESS'),
       (527, 'kemchanh211297@gmail.com', '2019-12-27 12:50:52', 'AUTHENTICATION_SUCCESS'),
       (528, 'admin@localhost', '2019-12-27 12:51:06', 'AUTHENTICATION_SUCCESS'),
       (529, 'kemchanh211297@gmail.com', '2019-12-27 14:48:07', 'AUTHENTICATION_SUCCESS'),
       (530, 'admin@localhost', '2019-12-27 14:51:44', 'AUTHENTICATION_SUCCESS'),
       (531, 'kemchanh211297@gmail.com', '2019-12-27 14:54:45', 'AUTHENTICATION_SUCCESS'),
       (532, 'admin@localhost', '2019-12-27 19:59:06', 'AUTHENTICATION_SUCCESS'),
       (533, 'admin@localhost', '2019-12-30 10:03:56', 'AUTHENTICATION_SUCCESS'),
       (534, 'nguyenlananhvictory@gmail.com', '2019-12-30 10:14:11', 'AUTHENTICATION_SUCCESS'),
       (535, 'nguyenlananhvictory@gmail.com', '2019-12-30 10:14:12', 'AUTHENTICATION_SUCCESS'),
       (536, 'nguyenlananhvictory@gmail.com', '2019-12-30 10:14:12', 'AUTHENTICATION_SUCCESS'),
       (537, 'nguyenlananhvictory@gmail.com', '2019-12-30 10:18:51', 'AUTHENTICATION_SUCCESS'),
       (538, 'admin@localhost', '2019-12-30 11:18:55', 'AUTHENTICATION_SUCCESS'),
       (539, 'nguyenlananhvictory@gmail.com', '2019-12-30 11:33:53', 'AUTHENTICATION_SUCCESS'),
       (540, 'admin@localhost', '2019-12-30 11:34:15', 'AUTHENTICATION_SUCCESS'),
       (541, 'nguyenlananhvictory@gmail.com', '2019-12-30 11:38:06', 'AUTHENTICATION_SUCCESS'),
       (542, 'nguyenlananhvictory@gmail.com', '2019-12-30 11:45:47', 'AUTHENTICATION_SUCCESS'),
       (543, 'admin@localhost', '2019-12-30 11:55:37', 'AUTHENTICATION_SUCCESS'),
       (544, 'nguyenlananhvictory@gmail.com', '2019-12-30 11:55:57', 'AUTHENTICATION_SUCCESS'),
       (545, 'admin@localhost', '2019-12-30 12:02:29', 'AUTHENTICATION_SUCCESS'),
       (546, 'nguyenlananhvictory@gmail.com', '2019-12-30 12:04:27', 'AUTHENTICATION_SUCCESS'),
       (547, 'keepmoving11a7@gmail.com', '2019-12-30 12:47:02', 'AUTHENTICATION_SUCCESS'),
       (548, 'admin@localhost', '2019-12-30 14:23:52', 'AUTHENTICATION_SUCCESS'),
       (549, 'admin@localhost', '2019-12-31 09:41:39', 'AUTHENTICATION_SUCCESS'),
       (550, 'nguyenlananhvictory@gmail.com', '2019-12-31 09:45:25', 'AUTHENTICATION_SUCCESS'),
       (551, 'keepmoving11a7@gmail.com', '2019-12-31 09:45:55', 'AUTHENTICATION_SUCCESS'),
       (552, 'admin@localhost', '2019-12-31 09:50:45', 'AUTHENTICATION_SUCCESS'),
       (553, 'admin@localhost', '2019-12-31 09:56:14', 'AUTHENTICATION_SUCCESS'),
       (554, 'keepmoving11a7@gmail.com', '2019-12-31 09:58:23', 'AUTHENTICATION_SUCCESS'),
       (555, 'admin@localhost', '2019-12-31 10:00:03', 'AUTHENTICATION_SUCCESS'),
       (556, 'keepmoving11a7@gmail.com', '2019-12-31 10:02:21', 'AUTHENTICATION_SUCCESS'),
       (557, 'admin@localhost', '2019-12-31 10:02:34', 'AUTHENTICATION_SUCCESS'),
       (558, 'keepmoving11a7@gmail.com', '2019-12-31 10:06:26', 'AUTHENTICATION_SUCCESS'),
       (559, 'nguyenlananhvictory@gmail.com', '2019-12-31 10:12:29', 'AUTHENTICATION_SUCCESS'),
       (560, 'keepmoving11a7@gmail.com', '2019-12-31 10:15:45', 'AUTHENTICATION_SUCCESS'),
       (561, 'nguyenai240197@gmail.com', '2019-12-31 10:18:09', 'AUTHENTICATION_SUCCESS'),
       (562, 'admin@localhost', '2019-12-31 10:21:30', 'AUTHENTICATION_SUCCESS'),
       (563, 'nguyenlananhvictory@gmail.com', '2019-12-31 10:26:28', 'AUTHENTICATION_SUCCESS'),
       (564, 'nguyenlananhvictory@gmail.com', '2019-12-31 10:26:28', 'AUTHENTICATION_SUCCESS'),
       (565, 'admin@localhost', '2019-12-31 10:39:24', 'AUTHENTICATION_SUCCESS'),
       (566, 'nguyenlananhvictory@gmail.com', '2019-12-31 10:43:26', 'AUTHENTICATION_SUCCESS'),
       (567, 'admin@localhost', '2019-12-31 10:56:31', 'AUTHENTICATION_SUCCESS'),
       (568, 'admin@localhost', '2019-12-31 11:33:25', 'AUTHENTICATION_SUCCESS'),
       (569, '	keepmoving11a7@gmail.com', '2019-12-31 11:36:09', 'AUTHENTICATION_FAILURE'),
       (570, 'keepmoving11a7@gmail.com', '2019-12-31 11:36:14', 'AUTHENTICATION_SUCCESS'),
       (571, 'admin@localhost', '2019-12-31 11:51:14', 'AUTHENTICATION_SUCCESS'),
       (572, 'keepmoving11a7@gmail.com', '2019-12-31 11:58:25', 'AUTHENTICATION_SUCCESS'),
       (573, 'admin@localhost', '2019-12-31 11:59:20', 'AUTHENTICATION_SUCCESS'),
       (574, 'keepmoving11a7@gmail.com', '2019-12-31 12:03:45', 'AUTHENTICATION_SUCCESS'),
       (575, 'admin@localhost', '2019-12-31 12:10:17', 'AUTHENTICATION_SUCCESS'),
       (576, 'admin@localhost', '2019-12-31 12:10:18', 'AUTHENTICATION_SUCCESS'),
       (577, 'admin@localhost', '2019-12-31 13:13:29', 'AUTHENTICATION_SUCCESS'),
       (578, 'admin@localhost', '2019-12-31 16:30:36', 'AUTHENTICATION_SUCCESS'),
       (579, 'nguyenai240197@gmail.com', '2020-01-02 12:13:51', 'AUTHENTICATION_SUCCESS'),
       (580, 'admin@localhost', '2020-01-02 12:15:11', 'AUTHENTICATION_SUCCESS'),
       (581, 'admin@localhost', '2020-01-02 12:58:53', 'AUTHENTICATION_SUCCESS'),
       (582, 'nguyenai240197@gmail.com', '2020-01-02 14:09:40', 'AUTHENTICATION_SUCCESS'),
       (583, 'admin@localhost', '2020-01-02 15:08:09', 'AUTHENTICATION_SUCCESS'),
       (584, 'admin@localhost', '2020-01-02 15:10:21', 'AUTHENTICATION_SUCCESS'),
       (585, 'nguyenai240197@gmail.com', '2020-01-02 15:55:36', 'AUTHENTICATION_SUCCESS'),
       (586, 'admin@localhost', '2020-01-02 16:46:16', 'AUTHENTICATION_SUCCESS'),
       (587, 'keepmoving11a7@gmail.com', '2020-01-02 17:14:15', 'AUTHENTICATION_SUCCESS'),
       (588, 'admin@localhost', '2020-01-02 17:16:44', 'AUTHENTICATION_SUCCESS'),
       (589, 'nguyenai240197@gmail.com', '2020-01-03 09:53:51', 'AUTHENTICATION_SUCCESS'),
       (590, 'admin@localhost', '2020-01-03 10:12:04', 'AUTHENTICATION_SUCCESS'),
       (591, 'admin@localhost', '2020-01-03 10:14:13', 'AUTHENTICATION_SUCCESS'),
       (592, 'admin@localhost', '2020-01-03 10:15:17', 'AUTHENTICATION_SUCCESS'),
       (593, 'admin@localhost', '2020-01-03 10:16:17', 'AUTHENTICATION_SUCCESS'),
       (594, 'admin@localhost', '2020-01-03 10:20:00', 'AUTHENTICATION_SUCCESS'),
       (595, 'nguyenai240197@gmail.com', '2020-01-03 10:55:04', 'AUTHENTICATION_SUCCESS'),
       (596, 'nguyenai240197@gmail.com', '2020-01-03 10:56:44', 'AUTHENTICATION_SUCCESS'),
       (597, 'admin@localhost', '2020-01-03 10:58:11', 'AUTHENTICATION_SUCCESS'),
       (598, 'keepmoving11a7@gmail.com', '2020-01-03 10:58:37', 'AUTHENTICATION_SUCCESS'),
       (599, 'nguyenai240197@gmail.com', '2020-01-03 10:58:51', 'AUTHENTICATION_SUCCESS'),
       (600, 'keepmoving11a7@gmail.com', '2020-01-03 11:03:44', 'AUTHENTICATION_FAILURE'),
       (601, 'keepmoving11a7@gmail.com', '2020-01-03 11:03:45', 'AUTHENTICATION_SUCCESS'),
       (602, 'admin', '2020-01-03 11:06:23', 'AUTHENTICATION_FAILURE'),
       (603, 'admin@localhost', '2020-01-03 11:06:28', 'AUTHENTICATION_SUCCESS'),
       (604, 'admin@localhost', '2020-01-03 11:44:52', 'AUTHENTICATION_SUCCESS'),
       (605, 'admin@localhost', '2020-01-03 11:46:51', 'AUTHENTICATION_SUCCESS'),
       (606, 'nguyenai240197@gmail.com', '2020-01-03 12:21:03', 'AUTHENTICATION_SUCCESS'),
       (607, 'keepmoving11a7@gmail.com', '2020-01-03 12:26:26', 'AUTHENTICATION_SUCCESS'),
       (608, 'nguyenanhdung96@gmail.com', '2020-01-03 12:27:36', 'AUTHENTICATION_FAILURE'),
       (609, 'nguyenanhdung96@gmail.com', '2020-01-03 12:27:38', 'AUTHENTICATION_FAILURE'),
       (610, 'user@localhost', '2020-01-03 12:28:06', 'AUTHENTICATION_SUCCESS'),
       (611, 'admin@localhost', '2020-01-03 12:28:28', 'AUTHENTICATION_SUCCESS'),
       (612, 'keepmoving11a7@gmail.com', '2020-01-03 12:28:47', 'AUTHENTICATION_SUCCESS'),
       (613, 'nguyenai240197@gmail.com', '2020-01-03 12:30:39', 'AUTHENTICATION_SUCCESS'),
       (614, 'keepmoving11a7@gmail.com', '2020-01-03 12:31:13', 'AUTHENTICATION_SUCCESS'),
       (615, 'admin@localhost', '2020-01-03 12:32:42', 'AUTHENTICATION_SUCCESS'),
       (616, 'nguyenai240197@gmail.com', '2020-01-03 14:26:04', 'AUTHENTICATION_SUCCESS'),
       (617, 'admin@localhost', '2020-01-03 15:05:33', 'AUTHENTICATION_SUCCESS'),
       (618, 'admin@localhost', '2020-01-03 15:08:13', 'AUTHENTICATION_SUCCESS'),
       (619, 'nguyenai240197@gmail.com', '2020-01-03 15:08:46', 'AUTHENTICATION_SUCCESS'),
       (620, 'admin@localhost', '2020-01-03 15:16:54', 'AUTHENTICATION_SUCCESS'),
       (621, 'nguyenai240197@gmail.com', '2020-01-03 15:19:21', 'AUTHENTICATION_SUCCESS'),
       (622, 'nguyenlananhvictory@gmail.com', '2020-01-03 15:20:35', 'AUTHENTICATION_SUCCESS'),
       (623, 'admin@localhost', '2020-01-03 15:20:48', 'AUTHENTICATION_SUCCESS'),
       (624, 'keepmoving11a7@gmail.com', '2020-01-03 15:21:33', 'AUTHENTICATION_SUCCESS'),
       (625, 'keepmoving11a7@gmail.com', '2020-01-03 15:24:24', 'AUTHENTICATION_SUCCESS'),
       (626, 'nguyenlananhvictory@gmail.com', '2020-01-03 15:24:50', 'AUTHENTICATION_SUCCESS'),
       (627, 'keepmoving11a7@gmail.com', '2020-01-03 15:25:03', 'AUTHENTICATION_SUCCESS'),
       (628, 'admin', '2020-01-03 15:26:07', 'AUTHENTICATION_FAILURE'),
       (629, 'nguyenai240197@gmail.com', '2020-01-03 15:29:42', 'AUTHENTICATION_SUCCESS'),
       (630, 'nguyenai240197@gmail.com', '2020-01-03 15:30:54', 'AUTHENTICATION_SUCCESS'),
       (631, 'nguyenlananhvictory@gmail.com', '2020-01-03 15:31:16', 'AUTHENTICATION_SUCCESS'),
       (632, 'keepmoving11a7@gmail.com', '2020-01-03 15:31:40', 'AUTHENTICATION_SUCCESS'),
       (633, 'nguyenai240197@gmail.com', '2020-01-03 15:31:44', 'AUTHENTICATION_SUCCESS'),
       (634, 'admin@localhost', '2020-01-03 15:34:02', 'AUTHENTICATION_SUCCESS'),
       (635, 'keepmoving11a7@gmail.com', '2020-01-03 15:35:09', 'AUTHENTICATION_SUCCESS'),
       (636, 'nguyenai240197@gmail.com', '2020-01-03 15:35:36', 'AUTHENTICATION_SUCCESS'),
       (637, 'admin@localhost', '2020-01-03 15:49:34', 'AUTHENTICATION_SUCCESS'),
       (638, 'nguyenlananhvictory@gmail.com', '2020-01-03 16:24:49', 'AUTHENTICATION_SUCCESS'),
       (639, 'admin@localhost', '2020-01-03 16:28:40', 'AUTHENTICATION_SUCCESS'),
       (640, 'admin@localhost', '2020-01-03 16:28:54', 'AUTHENTICATION_SUCCESS'),
       (641, 'nguyenai240197@gmail.com', '2020-01-03 16:46:13', 'AUTHENTICATION_SUCCESS'),
       (642, 'keepmoving11a7@gmail.com', '2020-01-03 16:48:08', 'AUTHENTICATION_SUCCESS'),
       (643, 'admin@localhost', '2020-01-03 17:26:58', 'AUTHENTICATION_SUCCESS'),
       (644, 'admin@localhost', '2020-01-03 17:33:15', 'AUTHENTICATION_SUCCESS'),
       (645, 'admin@localhost', '2020-01-03 18:27:52', 'AUTHENTICATION_SUCCESS'),
       (646, 'nguyenai240197@gmail.com', '2020-01-04 10:11:23', 'AUTHENTICATION_SUCCESS'),
       (647, 'nguyenlananhvictory@gmail.com', '2020-01-04 10:14:50', 'AUTHENTICATION_SUCCESS'),
       (648, 'admin@localhost', '2020-01-04 10:14:55', 'AUTHENTICATION_SUCCESS'),
       (649, 'nguyenlananhvictory@gmail.com', '2020-01-04 10:24:52', 'AUTHENTICATION_SUCCESS'),
       (650, 'nguyenlananhvictory@gmail.com', '2020-01-04 10:38:59', 'AUTHENTICATION_SUCCESS'),
       (651, 'nguyenlananhvictory@gmail.com', '2020-01-04 10:38:59', 'AUTHENTICATION_SUCCESS'),
       (652, 'admin@localhost', '2020-01-04 10:49:57', 'AUTHENTICATION_SUCCESS'),
       (653, 'admin@localhost', '2020-01-04 10:51:53', 'AUTHENTICATION_SUCCESS'),
       (654, 'admin@localhost', '2020-01-04 10:51:57', 'AUTHENTICATION_SUCCESS'),
       (655, 'admin@localhost', '2020-01-04 10:54:38', 'AUTHENTICATION_SUCCESS'),
       (656, 'nguyenlananhvictory@gmail.com', '2020-01-04 10:54:45', 'AUTHENTICATION_SUCCESS'),
       (657, '	keepmoving11a7@gmail.com', '2020-01-04 10:59:40', 'AUTHENTICATION_FAILURE'),
       (658, 'keepmoving11a7@gmail.com', '2020-01-04 10:59:44', 'AUTHENTICATION_SUCCESS'),
       (659, 'keepmoving11a7@gmail.com', '2020-01-04 11:35:58', 'AUTHENTICATION_SUCCESS'),
       (660, 'admin@localhost', '2020-01-04 11:49:18', 'AUTHENTICATION_SUCCESS'),
       (661, 'keepmoving11a7@gmail.com', '2020-01-04 11:57:04', 'AUTHENTICATION_SUCCESS'),
       (662, 'nguyenlananhvictory@gmail.com', '2020-01-04 12:45:51', 'AUTHENTICATION_SUCCESS'),
       (663, 'nguyenlananhvictory@gmail.com', '2020-01-04 12:52:41', 'AUTHENTICATION_SUCCESS'),
       (664, 'admin@localhost', '2020-01-05 18:51:30', 'AUTHENTICATION_FAILURE'),
       (665, 'admin@localhost', '2020-01-05 18:52:55', 'AUTHENTICATION_FAILURE'),
       (666, 'admin@localhost@gmail.com', '2020-01-05 18:54:54', 'AUTHENTICATION_FAILURE'),
       (667, 'adminlocalhost@gmail.com', '2020-01-05 18:55:13', 'AUTHENTICATION_FAILURE'),
       (668, 'admin', '2020-01-05 18:57:30', 'AUTHENTICATION_FAILURE'),
       (669, 'admin@gmail.com', '2020-01-05 18:57:42', 'AUTHENTICATION_FAILURE'),
       (670, 'admin@localhost', '2020-01-05 21:38:48', 'AUTHENTICATION_SUCCESS'),
       (671, 'admin@localhost', '2020-01-05 21:53:06', 'AUTHENTICATION_SUCCESS'),
       (672, 'keepmoving11a7@gmail.com', '2020-01-05 21:53:25', 'AUTHENTICATION_SUCCESS'),
       (673, 'keepmoving11a7@gmail.com', '2020-01-05 21:59:49', 'AUTHENTICATION_SUCCESS'),
       (674, 'keepmoving11a7@gmail.com', '2020-01-05 22:18:41', 'AUTHENTICATION_FAILURE'),
       (675, 'keepmoving11a7@gmail.com', '2020-01-05 22:18:48', 'AUTHENTICATION_SUCCESS'),
       (676, 'admin@localhost', '2020-01-05 22:24:04', 'AUTHENTICATION_SUCCESS'),
       (677, 'admin@localhost', '2020-01-05 22:46:32', 'AUTHENTICATION_SUCCESS'),
       (678, 'keepmoving@loacalhost', '2020-01-06 00:49:58', 'AUTHENTICATION_FAILURE'),
       (679, 'keepmoving@loacalhost', '2020-01-06 00:50:03', 'AUTHENTICATION_FAILURE'),
       (680, 'keepmoving11a7@loacalhost', '2020-01-06 00:50:21', 'AUTHENTICATION_FAILURE'),
       (681, 'keepmoving11a7@loacalhost', '2020-01-06 00:51:05', 'AUTHENTICATION_FAILURE'),
       (682, 'keepmoving11a7@gmail.com', '2020-01-06 00:51:18', 'AUTHENTICATION_SUCCESS'),
       (683, 'admin@loacalhost', '2020-01-06 00:58:10', 'AUTHENTICATION_FAILURE'),
       (684, 'admin@localhost', '2020-01-06 00:58:38', 'AUTHENTICATION_SUCCESS'),
       (685, 'admin@localhost', '2020-01-06 16:46:55', 'AUTHENTICATION_SUCCESS'),
       (686, 'admin', '2020-01-07 16:48:47', 'AUTHENTICATION_FAILURE'),
       (687, 'admin@localhost', '2020-01-07 17:36:15', 'AUTHENTICATION_SUCCESS'),
       (688, 'admin', '2020-01-08 10:09:19', 'AUTHENTICATION_FAILURE'),
       (689, 'admin', '2020-01-08 10:09:45', 'AUTHENTICATION_FAILURE'),
       (690, 'admin@localhost', '2020-01-08 10:14:14', 'AUTHENTICATION_SUCCESS'),
       (691, 'admin@localhost', '2020-01-08 15:38:44', 'AUTHENTICATION_SUCCESS'),
       (692, 'nguyenlananhvictory@gmail.com', '2020-01-08 15:38:59', 'AUTHENTICATION_SUCCESS'),
       (693, 'admin@localhost', '2020-01-08 15:39:02', 'AUTHENTICATION_SUCCESS'),
       (694, 'admin@localhost', '2020-01-08 15:39:49', 'AUTHENTICATION_SUCCESS'),
       (695, 'nguyenlananhvictory@gmail.com', '2020-01-08 16:10:51', 'AUTHENTICATION_SUCCESS'),
       (696, 'admin@localhost', '2020-01-08 17:04:36', 'AUTHENTICATION_SUCCESS'),
       (697, 'admin@localhost', '2020-01-08 17:04:44', 'AUTHENTICATION_SUCCESS'),
       (698, '	keepmoving11a7@gmail.com', '2020-01-08 17:07:52', 'AUTHENTICATION_FAILURE'),
       (699, 'keepmoving11a7@gmail.com', '2020-01-08 17:08:03', 'AUTHENTICATION_SUCCESS'),
       (700, 'admin@localhost', '2020-01-08 17:37:57', 'AUTHENTICATION_SUCCESS'),
       (701, 'keepmoving11a7@gmail.com', '2020-01-08 17:45:23', 'AUTHENTICATION_SUCCESS'),
       (702, 'admin@localhost', '2020-01-08 18:12:09', 'AUTHENTICATION_SUCCESS'),
       (703, 'nguyenlananhvictory@gmail.com', '2020-01-08 18:13:44', 'AUTHENTICATION_SUCCESS'),
       (704, 'admin@localhost', '2020-01-08 18:13:49', 'AUTHENTICATION_SUCCESS'),
       (705, 'keepmoving11a7@gmail.com', '2020-01-08 18:14:22', 'AUTHENTICATION_SUCCESS'),
       (706, 'nguyenlananhvictory@gmail.com', '2020-01-08 18:25:31', 'AUTHENTICATION_SUCCESS'),
       (707, 'admin@localhost', '2020-01-08 18:25:53', 'AUTHENTICATION_SUCCESS'),
       (708, 'nguyenlananhvictory@gmail.com', '2020-01-09 09:37:02', 'AUTHENTICATION_SUCCESS'),
       (709, 'admin@localhost', '2020-01-09 09:37:08', 'AUTHENTICATION_SUCCESS'),
       (710, 'keepmoving11a7@gmail.com', '2020-01-09 09:38:14', 'AUTHENTICATION_SUCCESS'),
       (711, 'admin@localhost', '2020-01-09 09:40:39', 'AUTHENTICATION_SUCCESS'),
       (712, 'nguyenlananhvictory@gmail.com', '2020-01-09 09:40:44', 'AUTHENTICATION_SUCCESS'),
       (713, 'keepmoving11a7@gmail.com', '2020-01-09 09:41:15', 'AUTHENTICATION_SUCCESS'),
       (714, 'admin@localhost', '2020-01-09 09:49:21', 'AUTHENTICATION_SUCCESS'),
       (715, 'admin@localhost', '2020-01-09 09:49:21', 'AUTHENTICATION_SUCCESS'),
       (716, 'keepmoving11a7@gmail.com', '2020-01-09 09:51:34', 'AUTHENTICATION_SUCCESS'),
       (717, '	keepmoving11a7@gmail.com', '2020-01-09 09:58:41', 'AUTHENTICATION_FAILURE'),
       (718, 'keepmoving11a7@gmail.com', '2020-01-09 09:58:48', 'AUTHENTICATION_SUCCESS'),
       (719, 'keepmoving11a7@gmail.com', '2020-01-09 09:58:48', 'AUTHENTICATION_SUCCESS'),
       (720, 'admin@localhost', '2020-01-09 10:05:31', 'AUTHENTICATION_SUCCESS'),
       (721, 'admin@localhost', '2020-01-09 10:05:54', 'AUTHENTICATION_SUCCESS'),
       (722, 'admin@localhost', '2020-01-09 10:56:05', 'AUTHENTICATION_SUCCESS'),
       (723, 'admin@localhost', '2020-01-09 12:36:24', 'AUTHENTICATION_SUCCESS'),
       (724, 'admin@localhost', '2020-01-09 12:41:16', 'AUTHENTICATION_SUCCESS'),
       (725, 'admin@localhost', '2020-01-09 12:42:40', 'AUTHENTICATION_SUCCESS'),
       (726, 'admin@localhost', '2020-01-09 15:38:31', 'AUTHENTICATION_SUCCESS'),
       (727, 'nguyenlananhvictory@gmail.com', '2020-01-09 15:39:50', 'AUTHENTICATION_SUCCESS'),
       (728, 'admin@localhost', '2020-01-09 15:42:22', 'AUTHENTICATION_SUCCESS'),
       (729, 'keepmoving11a7@gmail.com', '2020-01-09 16:58:19', 'AUTHENTICATION_SUCCESS'),
       (730, 'admin@localhost', '2020-01-09 16:59:45', 'AUTHENTICATION_SUCCESS'),
       (731, 'keepmoving11a7@gmail.co', '2020-01-09 17:06:54', 'AUTHENTICATION_FAILURE'),
       (732, 'keepmoving11a7@gmail.co', '2020-01-09 17:06:58', 'AUTHENTICATION_FAILURE'),
       (733, 'keepmoving11a7@gmail.com', '2020-01-09 17:07:07', 'AUTHENTICATION_SUCCESS'),
       (734, 'admin@localhost', '2020-01-09 17:09:54', 'AUTHENTICATION_SUCCESS'),
       (735, 'admin@localhost', '2020-01-09 17:13:20', 'AUTHENTICATION_SUCCESS'),
       (736, 'keepmoving11a7@gmail.com', '2020-01-09 17:57:16', 'AUTHENTICATION_SUCCESS'),
       (737, 'admin@localhost', '2020-01-09 18:01:52', 'AUTHENTICATION_SUCCESS'),
       (738, 'admin@localhost', '2020-01-09 18:06:53', 'AUTHENTICATION_SUCCESS'),
       (739, 'keepmoving11a7@gmail.com', '2020-01-09 18:07:07', 'AUTHENTICATION_SUCCESS'),
       (740, 'admin@localhost', '2020-01-09 18:07:14', 'AUTHENTICATION_SUCCESS'),
       (741, 'keepmoving11a7@gmail.com', '2020-01-09 18:07:16', 'AUTHENTICATION_SUCCESS'),
       (742, 'keepmoving11a7@gmail.com', '2020-01-09 18:14:40', 'AUTHENTICATION_SUCCESS'),
       (743, 'keepmoving11a7@gmail.com', '2020-01-09 18:19:28', 'AUTHENTICATION_SUCCESS'),
       (744, 'admin@localhost', '2020-01-09 18:19:54', 'AUTHENTICATION_SUCCESS'),
       (745, 'admin@localhost', '2020-01-10 09:49:42', 'AUTHENTICATION_SUCCESS'),
       (746, 'nguyenlananhvictory@gmail.com', '2020-01-10 09:49:46', 'AUTHENTICATION_SUCCESS'),
       (747, 'admin@localhost', '2020-01-10 09:54:24', 'AUTHENTICATION_SUCCESS'),
       (748, 'keepmoving11a7@gmail.com', '2020-01-10 09:54:46', 'AUTHENTICATION_SUCCESS'),
       (749, 'admin@localhost', '2020-01-10 10:57:46', 'AUTHENTICATION_SUCCESS'),
       (750, 'keepmoving11a7@gmail.com', '2020-01-10 11:25:51', 'AUTHENTICATION_SUCCESS'),
       (751, 'admin@localhost', '2020-01-10 11:33:13', 'AUTHENTICATION_SUCCESS'),
       (752, 'keepmoving11a7@gmail.com', '2020-01-10 11:36:30', 'AUTHENTICATION_SUCCESS'),
       (753, 'keepmoving11a7@gmail.com', '2020-01-10 11:43:03', 'AUTHENTICATION_SUCCESS'),
       (754, 'admin@localhost', '2020-01-10 11:54:40', 'AUTHENTICATION_SUCCESS'),
       (755, 'keepmoving11a7@gmail.com', '2020-01-10 11:55:21', 'AUTHENTICATION_SUCCESS'),
       (756, 'admin@localhost', '2020-01-10 14:18:21', 'AUTHENTICATION_SUCCESS'),
       (757, 'keepmoving11a7@gmail.co', '2020-01-10 14:18:41', 'AUTHENTICATION_FAILURE'),
       (758, 'keepmoving11a7@gmail.com', '2020-01-10 14:18:47', 'AUTHENTICATION_SUCCESS'),
       (759, 'admin@localhost', '2020-01-10 14:20:17', 'AUTHENTICATION_SUCCESS'),
       (760, 'admin@localhost', '2020-01-10 14:23:23', 'AUTHENTICATION_SUCCESS'),
       (761, 'keepmoving11a7@gmail.com', '2020-01-10 14:23:33', 'AUTHENTICATION_SUCCESS'),
       (762, 'admin@localhost', '2020-01-10 14:28:05', 'AUTHENTICATION_SUCCESS'),
       (763, 'admin@localhost', '2020-01-10 14:39:21', 'AUTHENTICATION_SUCCESS'),
       (764, 'keepmoving11a7@gmail.com', '2020-01-10 14:59:56', 'AUTHENTICATION_SUCCESS'),
       (765, 'keepmoving11a7@gmail.com', '2020-01-10 15:06:16', 'AUTHENTICATION_SUCCESS'),
       (766, 'admin@localhost', '2020-01-10 15:16:32', 'AUTHENTICATION_SUCCESS'),
       (767, 'keepmoving11a7@gmail.com', '2020-01-10 15:16:49', 'AUTHENTICATION_FAILURE'),
       (768, 'keepmoving11a7@gmail.com', '2020-01-10 15:16:54', 'AUTHENTICATION_SUCCESS'),
       (769, 'keepmoving11a7@gmail.com', '2020-01-10 15:24:18', 'AUTHENTICATION_SUCCESS'),
       (770, 'admin@localhost', '2020-01-10 15:25:20', 'AUTHENTICATION_SUCCESS'),
       (771, 'keepmoving11a7@gmail.com', '2020-01-10 15:27:52', 'AUTHENTICATION_SUCCESS'),
       (772, 'admin@localhost', '2020-01-10 15:33:18', 'AUTHENTICATION_SUCCESS'),
       (773, 'keepmoving11a7@gmail.com', '2020-01-10 15:41:59', 'AUTHENTICATION_SUCCESS'),
       (774, 'admin@localhost', '2020-01-10 15:53:06', 'AUTHENTICATION_SUCCESS'),
       (775, 'keepmoving11a7@gmail.com', '2020-01-10 15:53:23', 'AUTHENTICATION_SUCCESS'),
       (776, 'admin@localhost', '2020-01-10 16:40:39', 'AUTHENTICATION_SUCCESS'),
       (777, 'keepmoving11a7@gmail.com', '2020-01-10 16:41:21', 'AUTHENTICATION_SUCCESS'),
       (778, 'keepmoving11a7@gmail.com', '2020-01-11 10:30:44', 'AUTHENTICATION_SUCCESS'),
       (779, 'keepmoving11a7@gmail.com', '2020-01-11 10:30:44', 'AUTHENTICATION_SUCCESS'),
       (780, 'keepmoving11a7@gmail.com', '2020-01-11 10:37:03', 'AUTHENTICATION_SUCCESS'),
       (781, 'nguyenlananhvictory@gmail.com', '2020-01-11 10:38:06', 'AUTHENTICATION_SUCCESS'),
       (782, 'admin@localhost', '2020-01-13 09:57:11', 'AUTHENTICATION_SUCCESS'),
       (783, 'keepmoving11a7@gmail.com', '2020-01-13 17:18:15', 'AUTHENTICATION_FAILURE'),
       (784, 'keepmoving11a7@gmail.com', '2020-01-13 17:18:20', 'AUTHENTICATION_SUCCESS'),
       (785, 'admin', '2020-01-13 17:41:57', 'AUTHENTICATION_FAILURE'),
       (786, 'admin@localhost', '2020-01-13 17:42:01', 'AUTHENTICATION_SUCCESS'),
       (787, 'keepmoving11a7@gmail.com', '2020-01-13 17:43:42', 'AUTHENTICATION_SUCCESS'),
       (788, 'keepmoving11a7@gmail.com', '2020-01-13 18:19:46', 'AUTHENTICATION_SUCCESS'),
       (789, 'keepmoving11a7@gmail.com', '2020-01-13 18:25:32', 'AUTHENTICATION_SUCCESS'),
       (790, 'admin@localhost', '2020-01-14 11:20:56', 'AUTHENTICATION_SUCCESS'),
       (791, 'nguyenlananhvictory@gmail.com', '2020-01-14 11:21:04', 'AUTHENTICATION_SUCCESS'),
       (792, '	hangtb@bkav.com', '2020-01-14 11:21:58', 'AUTHENTICATION_FAILURE'),
       (793, '	hangtb@bkav.com', '2020-01-14 11:22:11', 'AUTHENTICATION_FAILURE'),
       (794, 'keepmoving11a7@gmail.com', '2020-01-14 11:23:14', 'AUTHENTICATION_SUCCESS'),
       (795, 'keepmoving11a7@gmail.com', '2020-01-14 11:25:04', 'AUTHENTICATION_SUCCESS'),
       (796, 'admin@localhost', '2020-01-14 11:28:06', 'AUTHENTICATION_SUCCESS'),
       (797, 'keepmoving11a7@gmail.com', '2020-01-14 11:28:27', 'AUTHENTICATION_SUCCESS'),
       (798, 'admin@localhost', '2020-01-14 11:37:10', 'AUTHENTICATION_SUCCESS'),
       (799, 'nguyenlananhvictory@gmail.com', '2020-01-14 11:37:13', 'AUTHENTICATION_SUCCESS'),
       (800, 'keepmoving11a7@gmail.com', '2020-01-14 11:39:25', 'AUTHENTICATION_SUCCESS'),
       (801, 'admin@localhost', '2020-01-14 11:40:01', 'AUTHENTICATION_SUCCESS'),
       (802, 'admin@localhost', '2020-01-14 11:42:29', 'AUTHENTICATION_SUCCESS'),
       (803, 'keepmoving11a7@gmail.com', '2020-01-14 11:42:48', 'AUTHENTICATION_SUCCESS'),
       (804, 'admin@localhost', '2020-01-14 12:00:01', 'AUTHENTICATION_SUCCESS'),
       (805, 'keepmoving11a7@gmail.com', '2020-01-14 12:00:18', 'AUTHENTICATION_SUCCESS'),
       (806, 'admin@localhost', '2020-01-14 12:08:51', 'AUTHENTICATION_FAILURE'),
       (807, 'admin@localhost', '2020-01-14 12:17:01', 'AUTHENTICATION_SUCCESS'),
       (808, 'admin@localhost', '2020-01-14 12:17:40', 'AUTHENTICATION_SUCCESS'),
       (809, 'admin@localhost', '2020-01-14 14:15:33', 'AUTHENTICATION_SUCCESS'),
       (810, 'keepmoving11a7@gmail.com', '2020-01-14 14:15:48', 'AUTHENTICATION_SUCCESS'),
       (811, 'admin@localhost', '2020-01-14 14:20:05', 'AUTHENTICATION_SUCCESS'),
       (812, 'keepmoving11a7@gmail.com', '2020-01-14 14:20:24', 'AUTHENTICATION_SUCCESS'),
       (813, 'keepmoving11a7@gmail.com', '2020-01-14 14:44:02', 'AUTHENTICATION_SUCCESS'),
       (814, 'admin@localhost', '2020-01-14 15:27:18', 'AUTHENTICATION_SUCCESS'),
       (815, 'nguyenlananhvictory@gmail.com', '2020-01-14 15:30:28', 'AUTHENTICATION_SUCCESS'),
       (816, 'nguyenlananhvictory@gmail.com', '2020-01-14 15:33:52', 'AUTHENTICATION_SUCCESS'),
       (817, 'keepmoving11a7@gmail.com', '2020-01-14 15:34:58', 'AUTHENTICATION_SUCCESS'),
       (818, 'keepmoving11a7@gmail.com', '2020-01-14 15:34:58', 'AUTHENTICATION_SUCCESS'),
       (819, 'admin@localhost', '2020-01-14 15:36:42', 'AUTHENTICATION_SUCCESS'),
       (820, 'nguyenlananhvictory@gmail.com', '2020-01-14 15:40:08', 'AUTHENTICATION_SUCCESS'),
       (821, 'nguyenlananhvictory@gmail.com', '2020-01-14 15:40:47', 'AUTHENTICATION_SUCCESS'),
       (822, 'admin@localhost', '2020-01-14 15:56:25', 'AUTHENTICATION_SUCCESS'),
       (823, 'nguyenlananhvictory@gmail.com', '2020-01-14 15:56:32', 'AUTHENTICATION_SUCCESS'),
       (824, 'admin@localhost', '2020-01-14 16:35:03', 'AUTHENTICATION_SUCCESS'),
       (825, 'admin', '2020-01-14 17:01:36', 'AUTHENTICATION_FAILURE'),
       (826, 'admin@localhost', '2020-01-14 17:01:56', 'AUTHENTICATION_SUCCESS'),
       (827, 'admin@test', '2020-01-14 17:02:43', 'AUTHENTICATION_FAILURE'),
       (828, 'admin@localhost', '2020-01-14 17:02:50', 'AUTHENTICATION_SUCCESS'),
       (829, 'nguyenlananhvictory@gmail.com', '2020-01-14 17:37:54', 'AUTHENTICATION_SUCCESS'),
       (830, 'admin@localhost', '2020-01-14 17:43:15', 'AUTHENTICATION_SUCCESS'),
       (831, 'keepmoving11a7@gmail.com', '2020-01-14 17:43:33', 'AUTHENTICATION_SUCCESS'),
       (832, 'keepmoving11a7@gmail.com', '2020-01-14 17:48:02', 'AUTHENTICATION_SUCCESS'),
       (833, 'keepmoving11a7@gmail.com', '2020-01-14 17:57:17', 'AUTHENTICATION_SUCCESS'),
       (834, 'admin@localhost', '2020-01-14 18:16:46', 'AUTHENTICATION_SUCCESS'),
       (835, 'keepmoving11a7@gmail.com', '2020-01-14 18:18:42', 'AUTHENTICATION_SUCCESS'),
       (836, 'admin@localhost', '2020-01-14 18:30:25', 'AUTHENTICATION_SUCCESS'),
       (837, 'admin@localhost', '2020-01-15 09:44:16', 'AUTHENTICATION_SUCCESS'),
       (838, 'keepmoving11a7@gmail.com', '2020-01-15 09:45:15', 'AUTHENTICATION_SUCCESS'),
       (839, 'admin@localhost', '2020-01-15 10:56:58', 'AUTHENTICATION_SUCCESS'),
       (840, 'keepmoving11a7@gmail.com', '2020-01-15 10:57:12', 'AUTHENTICATION_SUCCESS'),
       (841, 'keepmoving11a7@gmail.com', '2020-01-15 16:11:19', 'AUTHENTICATION_FAILURE'),
       (842, 'keepmoving11a7@gmail.com', '2020-01-15 16:11:32', 'AUTHENTICATION_SUCCESS'),
       (843, 'nguyenlananhvictory@gmail.com', '2020-01-15 16:53:00', 'AUTHENTICATION_SUCCESS'),
       (844, 'keepmoving11a7@gmail.com', '2020-01-15 16:53:28', 'AUTHENTICATION_SUCCESS'),
       (845, 'nguyenlananhvictory@gmail.com', '2020-01-15 17:01:50', 'AUTHENTICATION_SUCCESS'),
       (846, 'keepmoving11a7@gmail.com', '2020-01-15 17:20:43', 'AUTHENTICATION_SUCCESS'),
       (847, 'nguyenlananhvictory', '2020-01-15 17:20:57', 'AUTHENTICATION_FAILURE'),
       (848, 'nguyenlananhvictory@gmail.com', '2020-01-15 17:21:01', 'AUTHENTICATION_SUCCESS'),
       (849, 'keepmoving11a7@gmail.com', '2020-01-15 17:22:26', 'AUTHENTICATION_SUCCESS'),
       (850, 'admin@localhost', '2020-01-15 17:29:20', 'AUTHENTICATION_SUCCESS'),
       (851, 'nguyenlananhvictory@gmail.com', '2020-01-15 17:48:40', 'AUTHENTICATION_SUCCESS'),
       (852, 'nguyenlananhvictory@gmail.com', '2020-01-15 17:48:40', 'AUTHENTICATION_SUCCESS'),
       (853, 'keepmoving11a7@gmail.com', '2020-01-15 17:52:25', 'AUTHENTICATION_SUCCESS'),
       (854, 'keepmoving11a7@gmail.com', '2020-01-15 17:52:25', 'AUTHENTICATION_SUCCESS'),
       (855, 'nguyenlananhvictory@gmail.com', '2020-01-15 17:53:41', 'AUTHENTICATION_SUCCESS'),
       (856, 'nguyenlananhvictory@gmail.com', '2020-01-15 17:56:56', 'AUTHENTICATION_SUCCESS'),
       (857, 'admin@localhost', '2020-01-15 17:57:39', 'AUTHENTICATION_SUCCESS'),
       (858, 'nguyenlananhvictory@gmail.com', '2020-01-15 17:58:24', 'AUTHENTICATION_SUCCESS'),
       (859, 'nguyenlananhvictory@gmail.com', '2020-01-15 18:27:45', 'AUTHENTICATION_SUCCESS'),
       (860, 'nguyenlananhvictory@gmail.com', '2020-01-15 18:30:47', 'AUTHENTICATION_SUCCESS'),
       (861, 'admin@localhost', '2020-01-15 18:31:22', 'AUTHENTICATION_SUCCESS'),
       (862, 'nguyenlananhvictory@gmail.com', '2020-01-15 18:32:45', 'AUTHENTICATION_SUCCESS'),
       (863, 'admin@localhost', '2020-01-16 09:40:23', 'AUTHENTICATION_SUCCESS'),
       (864, 'admin@localhost', '2020-01-16 09:40:28', 'AUTHENTICATION_SUCCESS'),
       (865, 'nguyenlananhvictory@gmail.com', '2020-01-16 09:40:39', 'AUTHENTICATION_SUCCESS'),
       (866, 'admin@localhost', '2020-01-16 11:03:12', 'AUTHENTICATION_SUCCESS'),
       (867, 'admin@localhost', '2020-01-16 11:55:51', 'AUTHENTICATION_SUCCESS'),
       (868, 'Urhome', '2020-01-16 12:50:53', 'AUTHENTICATION_FAILURE'),
       (869, 'Urhome.apartment@gmail.com', '2020-01-16 12:51:06', 'AUTHENTICATION_FAILURE'),
       (870, 'Urhome.apartment@gmail.com', '2020-01-16 12:51:19', 'AUTHENTICATION_FAILURE'),
       (871, 'Urhome.apartment@gmail.com', '2020-01-16 12:51:40', 'AUTHENTICATION_FAILURE'),
       (872, 'Urhome.apartment@gmail.com', '2020-01-16 12:51:44', 'AUTHENTICATION_FAILURE'),
       (873, 'urhome.apartment@gmail.com', '2020-01-16 12:51:48', 'AUTHENTICATION_SUCCESS'),
       (874, 'urhome.apartment@gmail.com', '2020-01-16 12:51:49', 'AUTHENTICATION_SUCCESS'),
       (875, 'urhome.apartment@gmail.com', '2020-01-16 12:59:10', 'AUTHENTICATION_SUCCESS'),
       (876, 'admin@localhost', '2020-01-16 15:39:51', 'AUTHENTICATION_SUCCESS'),
       (877, 'admin@localhost', '2020-01-16 15:40:55', 'AUTHENTICATION_SUCCESS'),
       (878, 'keepmoving11a7@gmail.com', '2020-01-16 15:42:36', 'AUTHENTICATION_SUCCESS'),
       (879, 'admin@localhost', '2020-01-16 15:44:50', 'AUTHENTICATION_SUCCESS'),
       (880, 'jjjk', '2020-01-16 16:08:07', 'AUTHENTICATION_FAILURE'),
       (881, 'admin@localhost', '2020-01-16 16:08:16', 'AUTHENTICATION_SUCCESS'),
       (882, 'admin@localhost', '2020-01-16 16:51:35', 'AUTHENTICATION_SUCCESS'),
       (883, 'keepmoving11a7@gmail.com', '2020-01-16 17:12:14', 'AUTHENTICATION_SUCCESS'),
       (884, 'keepmoving11a7@gmail.com', '2020-01-16 17:12:36', 'AUTHENTICATION_FAILURE'),
       (885, 'keepmoving11a7@gmail.com', '2020-01-16 17:12:38', 'AUTHENTICATION_SUCCESS'),
       (886, 'nguyenlananhvictory@gmail.com', '2020-01-16 18:22:41', 'AUTHENTICATION_SUCCESS'),
       (887, 'admin@localhost', '2020-01-16 18:23:21', 'AUTHENTICATION_SUCCESS'),
       (888, 'nguyenlananhvictory@gmail.com', '2020-01-16 18:25:14', 'AUTHENTICATION_SUCCESS'),
       (889, 'nguyenlananhvictory@gmail.com', '2020-01-17 09:29:12', 'AUTHENTICATION_SUCCESS'),
       (890, 'admin@localhost', '2020-01-17 09:36:35', 'AUTHENTICATION_SUCCESS'),
       (891, 'keepmoving11a7@gmail.com', '2020-01-17 09:38:19', 'AUTHENTICATION_SUCCESS'),
       (892, 'admin@localhost', '2020-01-17 09:40:03', 'AUTHENTICATION_SUCCESS'),
       (893, 'keepmoving11a7@gmail.com', '2020-01-17 09:44:17', 'AUTHENTICATION_SUCCESS'),
       (894, 'keepmoving11a7@gmail.com', '2020-01-17 09:45:15', 'AUTHENTICATION_SUCCESS'),
       (895, 'admin@localhost', '2020-01-17 09:49:04', 'AUTHENTICATION_SUCCESS'),
       (896, 'nguyenlananhvictory@gmail.com', '2020-01-17 09:49:27', 'AUTHENTICATION_SUCCESS'),
       (897, 'keepmoving11a7@gmail.com', '2020-01-17 09:50:13', 'AUTHENTICATION_SUCCESS'),
       (898, 'keepmoving11a7@gmail.com', '2020-01-17 09:50:14', 'AUTHENTICATION_SUCCESS'),
       (899, 'keepmoving11a7@gmail.com', '2020-01-17 09:50:14', 'AUTHENTICATION_SUCCESS'),
       (900, 'admin@localhso', '2020-01-17 10:24:11', 'AUTHENTICATION_FAILURE'),
       (901, 'admin@localhost', '2020-01-17 10:24:14', 'AUTHENTICATION_SUCCESS'),
       (902, 'nguyenlananhvictory@gmail.com', '2020-01-17 10:53:19', 'AUTHENTICATION_SUCCESS'),
       (903, 'admin@localhost', '2020-01-17 10:54:07', 'AUTHENTICATION_SUCCESS'),
       (904, 'admin@localhost', '2020-01-17 10:57:23', 'AUTHENTICATION_SUCCESS'),
       (905, 'nguyenlananhvictory@gmail.com', '2020-01-17 11:01:46', 'AUTHENTICATION_SUCCESS'),
       (906, 'nguyenlananhvictory@gmail.com', '2020-01-17 11:02:17', 'AUTHENTICATION_SUCCESS'),
       (907, 'admin@localhost', '2020-01-17 12:06:59', 'AUTHENTICATION_SUCCESS'),
       (908, 'nguyenlananhvictory@gmail.com', '2020-01-17 12:43:05', 'AUTHENTICATION_SUCCESS'),
       (909, 'nguyenlananhvictory@gmail.com', '2020-01-17 12:43:49', 'AUTHENTICATION_SUCCESS'),
       (910, 'keepmoving11a7@gmail.com', '2020-01-17 14:34:15', 'AUTHENTICATION_FAILURE'),
       (911, 'keepmoving11a7@gmail.com', '2020-01-17 14:34:20', 'AUTHENTICATION_SUCCESS'),
       (912, 'admin@localhost', '2020-01-17 15:05:48', 'AUTHENTICATION_SUCCESS'),
       (913, 'test1@gmail.com', '2020-01-17 16:20:14', 'AUTHENTICATION_FAILURE'),
       (914, 'nguyenlananhvitory@gmail.com', '2020-01-17 16:20:32', 'AUTHENTICATION_FAILURE'),
       (915, 'nguyenlananhvitory@gmail.com', '2020-01-17 16:20:38', 'AUTHENTICATION_FAILURE'),
       (916, 'admin@localhost', '2020-01-17 16:55:41', 'AUTHENTICATION_SUCCESS'),
       (917, 'nguyenlananhvictory@gmail.com', '2020-01-17 16:58:34', 'AUTHENTICATION_SUCCESS'),
       (918, 'nguyenlananhvictory@gmail.com', '2020-01-17 16:58:34', 'AUTHENTICATION_SUCCESS'),
       (919, 'nguyenlananhvictory@gmail.com', '2020-01-17 17:34:34', 'AUTHENTICATION_SUCCESS'),
       (920, 'admin@localhost', '2020-01-20 09:45:36', 'AUTHENTICATION_SUCCESS'),
       (921, 'keepmoving11a7@gmail.com', '2020-01-20 09:54:53', 'AUTHENTICATION_SUCCESS'),
       (922, 'keepmoving11a7@gmail.com', '2020-01-20 09:57:00', 'AUTHENTICATION_SUCCESS'),
       (923, 'nguyenlananhvictory@gmail.com', '2020-01-20 10:28:49', 'AUTHENTICATION_SUCCESS'),
       (924, 'nguyenlananhvictory@gmail.com', '2020-01-20 10:28:49', 'AUTHENTICATION_SUCCESS'),
       (925, 'admin@localhost', '2020-01-20 10:31:30', 'AUTHENTICATION_SUCCESS'),
       (926, 'nguyenlananhvictory@gmail.com', '2020-01-20 10:36:51', 'AUTHENTICATION_SUCCESS'),
       (927, 'admin@localhost', '2020-01-20 10:39:11', 'AUTHENTICATION_SUCCESS'),
       (928, 'nguyenlananhvictory@gmail.com', '2020-01-20 10:45:47', 'AUTHENTICATION_SUCCESS'),
       (929, 'nguyenlananhvictory@gmail.com', '2020-01-30 12:10:29', 'AUTHENTICATION_SUCCESS'),
       (930, 'adminlocalhost@gmail.com', '2020-01-30 12:15:54', 'AUTHENTICATION_FAILURE'),
       (931, 'admin@localhostgmail.com', '2020-01-30 12:16:03', 'AUTHENTICATION_FAILURE'),
       (932, 'nguyenlananhvictory@gmail.com', '2020-01-30 12:24:17', 'AUTHENTICATION_SUCCESS'),
       (933, 'admin@localhost', '2020-01-30 12:25:12', 'AUTHENTICATION_FAILURE'),
       (934, 'admin@localhost', '2020-01-30 12:27:48', 'AUTHENTICATION_SUCCESS'),
       (935, 'admin@localhost', '2020-01-30 12:30:21', 'AUTHENTICATION_SUCCESS'),
       (936, 'nguyenlananhvictory@gmail.com', '2020-01-30 12:39:42', 'AUTHENTICATION_SUCCESS'),
       (937, 'admin@localhost', '2020-01-31 16:24:34', 'AUTHENTICATION_SUCCESS'),
       (938, 'admin@localhost', '2020-01-31 16:27:08', 'AUTHENTICATION_SUCCESS'),
       (939, 'admin@localhost', '2020-01-31 17:00:38', 'AUTHENTICATION_SUCCESS'),
       (940, 'admin@localhost', '2020-01-31 17:33:47', 'AUTHENTICATION_SUCCESS'),
       (941, 'keepmoving11a7@gmail.com', '2020-01-31 17:48:22', 'AUTHENTICATION_SUCCESS'),
       (942, 'keepmoving11a7@gmail', '2020-01-31 17:51:03', 'AUTHENTICATION_FAILURE'),
       (943, 'keepmoving11a7@gmail', '2020-01-31 17:51:25', 'AUTHENTICATION_FAILURE'),
       (944, 'keepmoving11a7@gmail', '2020-01-31 17:51:27', 'AUTHENTICATION_FAILURE'),
       (945, 'keepmoving11a7@gmail', '2020-01-31 17:51:28', 'AUTHENTICATION_FAILURE'),
       (946, 'keepmoving11a7@gmail', '2020-01-31 17:51:29', 'AUTHENTICATION_FAILURE'),
       (947, 'keepmoving11a7@gmail', '2020-01-31 17:51:33', 'AUTHENTICATION_FAILURE'),
       (948, 'keepmoving11a7@gmail', '2020-01-31 17:51:35', 'AUTHENTICATION_FAILURE'),
       (949, 'keepmoving11a7@gmail', '2020-01-31 17:51:40', 'AUTHENTICATION_FAILURE'),
       (950, 'keepmoving11a7@gmail', '2020-01-31 17:51:45', 'AUTHENTICATION_FAILURE'),
       (951, 'keepmoving11a7@gmail', '2020-01-31 17:51:51', 'AUTHENTICATION_FAILURE'),
       (952, 'keepmoving11a7@gmail', '2020-01-31 17:51:52', 'AUTHENTICATION_FAILURE'),
       (953, 'keepmoving11a7@gmail', '2020-01-31 17:51:53', 'AUTHENTICATION_FAILURE'),
       (954, 'keepmoving11a7@gmail', '2020-01-31 17:51:53', 'AUTHENTICATION_FAILURE'),
       (955, 'keepmoving11a7@gmail', '2020-01-31 17:51:53', 'AUTHENTICATION_FAILURE'),
       (956, 'keepmoving11a7@gmail', '2020-01-31 17:51:54', 'AUTHENTICATION_FAILURE'),
       (957, 'keepmoving11a7@gmail', '2020-01-31 17:51:54', 'AUTHENTICATION_FAILURE'),
       (958, 'keepmoving11a7@gmail', '2020-01-31 17:51:54', 'AUTHENTICATION_FAILURE'),
       (959, 'keepmoving11a7@gmail', '2020-01-31 17:52:45', 'AUTHENTICATION_FAILURE'),
       (960, 'keepmoving11a7@gmail', '2020-01-31 17:52:46', 'AUTHENTICATION_FAILURE'),
       (961, 'keepmoving11a7@gmail', '2020-01-31 17:52:46', 'AUTHENTICATION_FAILURE'),
       (962, 'keepmoving11a7@gmail', '2020-01-31 17:52:46', 'AUTHENTICATION_FAILURE'),
       (963, 'keepmoving11a7@gmail', '2020-01-31 17:52:46', 'AUTHENTICATION_FAILURE'),
       (964, 'keepmoving11a7@gmail', '2020-01-31 17:52:46', 'AUTHENTICATION_FAILURE'),
       (965, 'keepmoving11a7@gmail', '2020-01-31 17:52:46', 'AUTHENTICATION_FAILURE'),
       (966, 'keepmoving11a7@gmail', '2020-01-31 17:52:46', 'AUTHENTICATION_FAILURE'),
       (967, 'keepmoving11a7@gmail', '2020-01-31 17:52:46', 'AUTHENTICATION_FAILURE'),
       (968, 'keepmoving11a7@gmail', '2020-01-31 17:52:46', 'AUTHENTICATION_FAILURE'),
       (969, 'keepmoving11a7@gmail', '2020-01-31 17:52:46', 'AUTHENTICATION_FAILURE'),
       (970, 'keepmoving11a7@gmail', '2020-01-31 17:52:46', 'AUTHENTICATION_FAILURE'),
       (971, 'keepmoving11a7@gmail', '2020-01-31 17:52:46', 'AUTHENTICATION_FAILURE'),
       (972, 'keepmoving11a7@gmail', '2020-01-31 17:52:46', 'AUTHENTICATION_FAILURE'),
       (973, 'admin@localhost', '2020-01-31 17:53:02', 'AUTHENTICATION_SUCCESS'),
       (974, 'admin@localhost', '2020-01-31 17:53:02', 'AUTHENTICATION_SUCCESS'),
       (975, 'keepmoving11a7@gmail.com', '2020-01-31 17:53:23', 'AUTHENTICATION_FAILURE'),
       (976, 'keepmoving11a7@gmail.com', '2020-01-31 17:53:28', 'AUTHENTICATION_FAILURE'),
       (977, 'keepmoving11a7@gmail.com', '2020-01-31 17:53:34', 'AUTHENTICATION_SUCCESS'),
       (978, 'admin@localhost', '2020-01-31 18:06:30', 'AUTHENTICATION_SUCCESS'),
       (979, 'admin@localhost', '2020-01-31 18:07:41', 'AUTHENTICATION_SUCCESS'),
       (980, 'admin@localhost', '2020-01-31 18:09:40', 'AUTHENTICATION_SUCCESS'),
       (981, 'admin@localhost', '2020-01-31 18:09:49', 'AUTHENTICATION_SUCCESS'),
       (982, 'admin@localhost', '2020-01-31 18:22:15', 'AUTHENTICATION_SUCCESS'),
       (983, 'admin@localhost', '2020-01-31 18:23:26', 'AUTHENTICATION_SUCCESS'),
       (984, 'admin@localhost', '2020-01-31 18:43:36', 'AUTHENTICATION_SUCCESS'),
       (985, 'keepmoving11a7@gmail.com', '2020-01-31 22:59:09', 'AUTHENTICATION_SUCCESS'),
       (986, 'admin@localhost', '2020-01-31 22:59:52', 'AUTHENTICATION_SUCCESS'),
       (987, 'admin@localhost', '2020-01-31 22:59:53', 'AUTHENTICATION_SUCCESS'),
       (988, 'admin@localhost', '2020-01-31 22:59:53', 'AUTHENTICATION_SUCCESS'),
       (989, 'admin@localhost', '2020-01-31 22:59:53', 'AUTHENTICATION_SUCCESS'),
       (990, 'admin@localhost', '2020-01-31 22:59:53', 'AUTHENTICATION_SUCCESS'),
       (991, 'admin@localhost', '2020-01-31 22:59:53', 'AUTHENTICATION_SUCCESS'),
       (992, 'admin@localhost', '2020-01-31 22:59:53', 'AUTHENTICATION_SUCCESS'),
       (993, 'admin@localhost', '2020-01-31 22:59:53', 'AUTHENTICATION_SUCCESS'),
       (994, 'admin@localhost', '2020-01-31 22:59:53', 'AUTHENTICATION_SUCCESS'),
       (995, 'admin@localhost', '2020-01-31 22:59:53', 'AUTHENTICATION_SUCCESS'),
       (996, 'admin@localhost', '2020-01-31 22:59:53', 'AUTHENTICATION_SUCCESS'),
       (997, 'admin@localhost', '2020-01-31 23:01:21', 'AUTHENTICATION_SUCCESS'),
       (998, 'admin@localhost', '2020-01-31 23:03:21', 'AUTHENTICATION_SUCCESS'),
       (999, 'admin@localhost', '2020-02-01 09:52:53', 'AUTHENTICATION_SUCCESS'),
       (1000, 'admin', '2020-02-01 10:19:01', 'AUTHENTICATION_FAILURE'),
       (1001, 'admin@localhost', '2020-02-01 10:19:07', 'AUTHENTICATION_SUCCESS'),
       (1002, 'admin@localhost', '2020-02-01 10:35:52', 'AUTHENTICATION_SUCCESS'),
       (1003, 'admin@localhost', '2020-02-01 11:44:17', 'AUTHENTICATION_SUCCESS'),
       (1004, 'admin@localhost', '2020-02-01 11:49:21', 'AUTHENTICATION_SUCCESS'),
       (1005, 'admin@localhost', '2020-02-03 09:02:25', 'AUTHENTICATION_SUCCESS'),
       (1006, 'admin@localhost', '2020-02-03 09:17:30', 'AUTHENTICATION_SUCCESS'),
       (1007, 'admin@localhost', '2020-02-03 10:06:42', 'AUTHENTICATION_SUCCESS'),
       (1008, 'keepmoving11a7@gmail.com', '2020-02-03 10:16:35', 'AUTHENTICATION_SUCCESS'),
       (1009, 'admin@localhost', '2020-02-03 10:18:42', 'AUTHENTICATION_SUCCESS'),
       (1010, 'keepmoving11a7@gmail.com', '2020-02-03 11:18:24', 'AUTHENTICATION_SUCCESS'),
       (1011, 'keepmoving11a7gmail.com', '2020-02-03 11:19:16', 'AUTHENTICATION_FAILURE'),
       (1012, 'keepmoving11a7gmail.com', '2020-02-03 11:19:22', 'AUTHENTICATION_FAILURE'),
       (1013, 'keepmoving11a7gmail.com', '2020-02-03 11:19:24', 'AUTHENTICATION_FAILURE'),
       (1014, 'keepmoving11a7gmail.com', '2020-02-03 11:19:24', 'AUTHENTICATION_FAILURE'),
       (1015, 'keepmoving11a7gmail.com', '2020-02-03 11:19:25', 'AUTHENTICATION_FAILURE'),
       (1016, 'keepmoving11a7@gmail.com', '2020-02-03 11:19:28', 'AUTHENTICATION_SUCCESS'),
       (1017, 'user@localhost', '2020-02-03 11:38:51', 'AUTHENTICATION_SUCCESS'),
       (1018, 'admin@localhost', '2020-02-03 11:39:37', 'AUTHENTICATION_SUCCESS'),
       (1019, 'admin@localhost', '2020-02-03 12:05:15', 'AUTHENTICATION_SUCCESS'),
       (1020, 'keepmoving11a7@gmail.com', '2020-02-03 12:12:46', 'AUTHENTICATION_SUCCESS'),
       (1021, 'keepmoving11a7@gmail.com', '2020-02-03 12:52:12', 'AUTHENTICATION_SUCCESS'),
       (1022, 'keepmoving11a7@gmail.com', '2020-02-03 14:31:17', 'AUTHENTICATION_SUCCESS'),
       (1023, 'keepmoving11a7@gmail.com', '2020-02-03 14:37:32', 'AUTHENTICATION_SUCCESS'),
       (1024, 'admin@localhost', '2020-02-03 17:08:37', 'AUTHENTICATION_SUCCESS'),
       (1025, 'admin@localhost', '2020-02-03 17:12:00', 'AUTHENTICATION_SUCCESS'),
       (1026, 'keepmoving11a7@gmail.com', '2020-02-03 17:32:35', 'AUTHENTICATION_SUCCESS'),
       (1027, 'keepmoving11a7@gmail.com', '2020-02-03 19:44:59', 'AUTHENTICATION_SUCCESS'),
       (1028, 'admin@localhost', '2020-02-04 09:43:17', 'AUTHENTICATION_SUCCESS'),
       (1029, 'admin@localhost', '2020-02-04 10:29:37', 'AUTHENTICATION_SUCCESS'),
       (1030, 'admin@localhost', '2020-02-04 10:33:22', 'AUTHENTICATION_SUCCESS'),
       (1031, 'nguyenlananhvictory@gmail.com', '2020-02-04 10:48:52', 'AUTHENTICATION_FAILURE'),
       (1032, 'nguyenlananhvictory@gmail.com', '2020-02-04 10:49:02', 'AUTHENTICATION_FAILURE'),
       (1033, 'nguyenlananhvictory@gmail.com', '2020-02-04 10:49:07', 'AUTHENTICATION_FAILURE'),
       (1034, 'nguyenlananhvictory@gmail.com', '2020-02-04 10:49:10', 'AUTHENTICATION_FAILURE'),
       (1035, 'nguyenlananhvictory@gmail.com', '2020-02-04 10:49:14', 'AUTHENTICATION_FAILURE'),
       (1036, 'admin@localhost', '2020-02-04 10:50:43', 'AUTHENTICATION_SUCCESS'),
       (1037, 'nguyenlananhvictory@gmail.com', '2020-02-04 10:51:17', 'AUTHENTICATION_FAILURE'),
       (1038, 'nguyenlananhvictory@gmail.com', '2020-02-04 10:51:23', 'AUTHENTICATION_SUCCESS'),
       (1039, 'nguyenlananhvictory@gmail.com', '2020-02-04 10:56:28', 'AUTHENTICATION_SUCCESS'),
       (1040, 'admin@localhost', '2020-02-04 10:58:18', 'AUTHENTICATION_SUCCESS'),
       (1041, 'nguyenlananhvictory@gmail.com', '2020-02-04 10:59:18', 'AUTHENTICATION_SUCCESS'),
       (1042, 'nguyenlananhvictory@gmail.com', '2020-02-04 11:10:20', 'AUTHENTICATION_FAILURE'),
       (1043, 'nguyenlananhvictory@gmail.com', '2020-02-04 11:10:31', 'AUTHENTICATION_SUCCESS'),
       (1044, 'nguyenlananhvictory@gmail.com', '2020-02-04 11:20:13', 'AUTHENTICATION_SUCCESS'),
       (1045, 'admin@localhost', '2020-02-04 11:23:20', 'AUTHENTICATION_SUCCESS'),
       (1046, 'nguyenlananhvictory@gmail.com', '2020-02-04 11:23:45', 'AUTHENTICATION_SUCCESS'),
       (1047, 'nguyenlananhvictory@gmail.com', '2020-02-04 11:25:18', 'AUTHENTICATION_SUCCESS'),
       (1048, 'admin@localhost', '2020-02-04 11:26:45', 'AUTHENTICATION_SUCCESS'),
       (1049, 'nguyenlananhvictory@gmail.com', '2020-02-04 11:27:38', 'AUTHENTICATION_SUCCESS'),
       (1050, 'admin@localhost', '2020-02-04 11:34:00', 'AUTHENTICATION_SUCCESS'),
       (1051, 'nguyenlananhvictory@gmail.com', '2020-02-04 11:34:21', 'AUTHENTICATION_SUCCESS'),
       (1052, 'admin@localhost', '2020-02-04 11:40:03', 'AUTHENTICATION_SUCCESS'),
       (1053, 'admin@localhost', '2020-02-04 11:48:47', 'AUTHENTICATION_SUCCESS'),
       (1054, 'keepmoving@gmail.com', '2020-02-04 11:49:27', 'AUTHENTICATION_FAILURE'),
       (1055, 'keepmoving11a7@gmail.com', '2020-02-04 11:49:32', 'AUTHENTICATION_SUCCESS'),
       (1056, 'nguyenlananhvictory@gmail.com', '2020-02-04 12:03:28', 'AUTHENTICATION_SUCCESS'),
       (1057, 'admin@localhost', '2020-02-04 12:07:53', 'AUTHENTICATION_SUCCESS'),
       (1058, 'nguyenlananhvictory@gmail.com', '2020-02-04 12:11:35', 'AUTHENTICATION_SUCCESS'),
       (1059, 'nguyenlananhvictory@gmail.com', '2020-02-04 12:17:18', 'AUTHENTICATION_SUCCESS'),
       (1060, 'admin@localhost', '2020-02-04 12:24:01', 'AUTHENTICATION_SUCCESS'),
       (1061, 'nguyenlananhvictory@gmail.com', '2020-02-04 12:26:47', 'AUTHENTICATION_SUCCESS'),
       (1062, 'nguyenlananhvictory@gmail.com', '2020-02-04 12:26:48', 'AUTHENTICATION_SUCCESS'),
       (1063, 'keepmoving11a7@gmail.com', '2020-02-04 12:34:18', 'AUTHENTICATION_FAILURE'),
       (1064, 'keepmoving11a7@gmail.com', '2020-02-04 12:34:25', 'AUTHENTICATION_SUCCESS'),
       (1065, 'nguyenlananhvictory@gmail.com', '2020-02-04 12:55:36', 'AUTHENTICATION_SUCCESS'),
       (1066, 'admin@localhost', '2020-02-04 14:22:28', 'AUTHENTICATION_SUCCESS'),
       (1067, 'nguyenlananhvictory@gmail.com', '2020-02-04 14:29:28', 'AUTHENTICATION_SUCCESS'),
       (1068, 'DucBT', '2020-02-04 14:56:10', 'AUTHENTICATION_FAILURE'),
       (1069, 'nguyenlananhvictory@gmail.com', '2020-02-04 15:02:47', 'AUTHENTICATION_SUCCESS'),
       (1070, 'nguyenlananhvictory@gmail.com', '2020-02-04 15:11:11', 'AUTHENTICATION_SUCCESS'),
       (1071, 'keepmoving11a7@gmail.com', '2020-02-04 15:16:25', 'AUTHENTICATION_SUCCESS'),
       (1072, 'nguyenlananhvictory@gmail.com', '2020-02-04 15:34:52', 'AUTHENTICATION_SUCCESS'),
       (1073, 'nguyenlananhvictory@gmail.com', '2020-02-04 15:45:30', 'AUTHENTICATION_SUCCESS'),
       (1074, 'keepmoving11a7@gmail.com', '2020-02-04 15:48:06', 'AUTHENTICATION_SUCCESS'),
       (1075, 'nguyenlananhvictory@gmail.com', '2020-02-04 15:50:33', 'AUTHENTICATION_FAILURE'),
       (1076, 'nguyenlananhvictory@gmail.com', '2020-02-04 15:50:41', 'AUTHENTICATION_SUCCESS'),
       (1077, 'admin@localhost', '2020-02-04 15:52:30', 'AUTHENTICATION_SUCCESS'),
       (1078, 'admin@localhost', '2020-02-04 16:36:02', 'AUTHENTICATION_SUCCESS'),
       (1079, 'admin@localhost', '2020-02-04 16:36:02', 'AUTHENTICATION_SUCCESS'),
       (1080, 'nguyenlananhvictory@gmail.com', '2020-02-04 16:37:59', 'AUTHENTICATION_SUCCESS'),
       (1081, 'keepmoving11a7@gmail.com', '2020-02-04 16:39:00', 'AUTHENTICATION_SUCCESS'),
       (1082, 'nguyenlananhvictory@gmail.com', '2020-02-04 16:40:01', 'AUTHENTICATION_SUCCESS'),
       (1083, 'admin@localhost', '2020-02-04 16:40:56', 'AUTHENTICATION_SUCCESS'),
       (1084, 'admin@localhost', '2020-02-04 16:59:13', 'AUTHENTICATION_SUCCESS'),
       (1085, 'admin@localhost', '2020-02-04 18:22:10', 'AUTHENTICATION_SUCCESS'),
       (1086, 'admin@localhost', '2020-02-05 09:12:50', 'AUTHENTICATION_SUCCESS'),
       (1087, 'admin@localhost', '2020-02-05 09:24:12', 'AUTHENTICATION_SUCCESS'),
       (1088, 'admin@localhost', '2020-02-05 10:58:18', 'AUTHENTICATION_SUCCESS'),
       (1089, 'admin@localhost', '2020-02-05 11:24:24', 'AUTHENTICATION_SUCCESS'),
       (1090, 'admin@localhost', '2020-02-05 11:27:27', 'AUTHENTICATION_SUCCESS'),
       (1091, 'admin@localhost', '2020-02-06 10:58:06', 'AUTHENTICATION_SUCCESS'),
       (1092, 'admin@localhost', '2020-02-06 15:48:54', 'AUTHENTICATION_SUCCESS'),
       (1093, 'admin@localhost', '2020-02-07 10:40:22', 'AUTHENTICATION_SUCCESS'),
       (1094, 'admin@localhost', '2020-02-07 10:59:03', 'AUTHENTICATION_SUCCESS'),
       (1095, 'admin@localhost', '2020-02-07 11:20:00', 'AUTHENTICATION_SUCCESS'),
       (1096, 'admin@localhost', '2020-02-07 11:26:12', 'AUTHENTICATION_SUCCESS'),
       (1097, 'admin@localhost', '2020-02-07 11:48:46', 'AUTHENTICATION_SUCCESS'),
       (1098, 'admin@localhost', '2020-02-07 11:48:46', 'AUTHENTICATION_SUCCESS'),
       (1099, 'admin@localhost', '2020-02-07 11:54:51', 'AUTHENTICATION_SUCCESS'),
       (1100, 'admin@localhost', '2020-02-07 11:58:57', 'AUTHENTICATION_SUCCESS'),
       (1101, 'nguyenlananhvictory@gmail.com', '2020-02-07 12:33:59', 'AUTHENTICATION_SUCCESS'),
       (1102, 'admin@localhost', '2020-02-07 14:19:54', 'AUTHENTICATION_SUCCESS'),
       (1103, 'admin@localhost', '2020-02-07 14:21:22', 'AUTHENTICATION_SUCCESS'),
       (1104, 'nguyenlananhvictory@gmail.com', '2020-02-07 14:44:52', 'AUTHENTICATION_SUCCESS'),
       (1105, 'nguyenlananhvictory@gmail.com', '2020-02-07 14:47:50', 'AUTHENTICATION_FAILURE'),
       (1106, 'nguyenlananhvictory@gmail.com', '2020-02-07 14:47:57', 'AUTHENTICATION_SUCCESS'),
       (1107, 'keepmoving11a7@gmail.com', '2020-02-07 14:59:03', 'AUTHENTICATION_SUCCESS'),
       (1108, 'keepmoving11a7@gmail.com', '2020-02-07 15:04:46', 'AUTHENTICATION_FAILURE'),
       (1109, 'keepmoving11a7@gmail.com', '2020-02-07 15:04:50', 'AUTHENTICATION_SUCCESS'),
       (1110, 'admin@localhost', '2020-02-07 15:07:14', 'AUTHENTICATION_SUCCESS'),
       (1111, 'admin@localhost', '2020-02-07 15:11:39', 'AUTHENTICATION_SUCCESS'),
       (1112, 'admin@localhost', '2020-02-07 15:11:39', 'AUTHENTICATION_SUCCESS'),
       (1113, 'admin@localhost', '2020-02-07 15:20:02', 'AUTHENTICATION_SUCCESS'),
       (1114, 'admin@localhost', '2020-02-07 16:01:40', 'AUTHENTICATION_SUCCESS'),
       (1115, 'admin@localhost', '2020-02-10 12:01:15', 'AUTHENTICATION_SUCCESS'),
       (1116, 'admin@localhost', '2020-02-10 12:11:01', 'AUTHENTICATION_SUCCESS'),
       (1117, 'admin@localhost', '2020-02-10 14:10:55', 'AUTHENTICATION_SUCCESS'),
       (1118, 'admin@localhost', '2020-02-10 14:10:55', 'AUTHENTICATION_SUCCESS'),
       (1119, 'admin@localhost', '2020-02-10 14:23:01', 'AUTHENTICATION_SUCCESS'),
       (1120, 'admin@localhost', '2020-02-10 16:34:11', 'AUTHENTICATION_SUCCESS'),
       (1121, 'admin@localhost', '2020-02-10 16:44:16', 'AUTHENTICATION_SUCCESS'),
       (1122, 'admin@localhost', '2020-02-10 16:59:36', 'AUTHENTICATION_SUCCESS'),
       (1123, 'admin@localhost', '2020-02-10 17:06:10', 'AUTHENTICATION_SUCCESS'),
       (1124, 'nguyenlananhvictory@gmail.com', '2020-02-10 17:09:37', 'AUTHENTICATION_SUCCESS'),
       (1125, 'admin@localhost', '2020-02-10 17:10:03', 'AUTHENTICATION_SUCCESS'),
       (1126, 'admin@localhost@gmail.com', '2020-02-10 17:11:32', 'AUTHENTICATION_FAILURE'),
       (1127, 'admin@localhost@gmail.com', '2020-02-10 17:11:33', 'AUTHENTICATION_FAILURE'),
       (1128, 'admin@localhost', '2020-02-10 17:11:51', 'AUTHENTICATION_SUCCESS'),
       (1129, 'admin@localhost', '2020-02-10 17:17:57', 'AUTHENTICATION_SUCCESS'),
       (1130, 'admin@localhost', '2020-02-10 17:20:21', 'AUTHENTICATION_SUCCESS'),
       (1131, 'admin@localhost', '2020-02-10 17:24:26', 'AUTHENTICATION_SUCCESS'),
       (1132, 'admin@localhost', '2020-02-10 17:25:29', 'AUTHENTICATION_SUCCESS'),
       (1133, 'admin@localhost', '2020-02-11 09:15:58', 'AUTHENTICATION_SUCCESS'),
       (1134, 'admin@localhost', '2020-02-11 10:22:22', 'AUTHENTICATION_SUCCESS'),
       (1135, 'keepmoving11a7@gmail.com', '2020-02-11 11:59:22', 'AUTHENTICATION_SUCCESS'),
       (1136, 'keepmoving11a7@gmail.com', '2020-02-11 12:31:41', 'AUTHENTICATION_SUCCESS'),
       (1137, 'admin@localhost', '2020-02-11 12:51:21', 'AUTHENTICATION_SUCCESS'),
       (1138, 'admin@localhost', '2020-02-11 12:51:21', 'AUTHENTICATION_SUCCESS'),
       (1139, 'nguyenlananhvictory@gmail.com', '2020-02-11 12:54:17', 'AUTHENTICATION_SUCCESS'),
       (1140, 'nguyenlananhvictory@gmail.com', '2020-02-11 12:54:17', 'AUTHENTICATION_SUCCESS'),
       (1141, 'nguyenlananhvictory@gmail.com', '2020-02-11 12:55:16', 'AUTHENTICATION_SUCCESS'),
       (1142, 'admin@localhost', '2020-02-11 14:12:40', 'AUTHENTICATION_SUCCESS'),
       (1143, 'admin@localhost', '2020-02-11 14:26:03', 'AUTHENTICATION_SUCCESS'),
       (1144, 'admin@localhost', '2020-02-11 14:37:57', 'AUTHENTICATION_SUCCESS'),
       (1145, 'admin@localhost', '2020-02-11 15:54:27', 'AUTHENTICATION_SUCCESS'),
       (1146, 'admin@localhost', '2020-02-11 15:58:45', 'AUTHENTICATION_SUCCESS'),
       (1147, 'admin@localhost', '2020-02-11 17:00:58', 'AUTHENTICATION_SUCCESS'),
       (1148, 'admin@localhost', '2020-02-11 17:00:58', 'AUTHENTICATION_SUCCESS'),
       (1149, 'nguyenlananhvictory@gmail.com', '2020-02-11 23:37:39', 'AUTHENTICATION_SUCCESS'),
       (1150, 'nguyenlananhvictory@gmail.com', '2020-02-11 23:37:40', 'AUTHENTICATION_SUCCESS'),
       (1151, 'nguyenlananhvictory@gmail.com', '2020-02-11 23:45:50', 'AUTHENTICATION_SUCCESS'),
       (1152, 'admin@localhost', '2020-02-12 09:36:38', 'AUTHENTICATION_SUCCESS'),
       (1153, 'admin@localhost', '2020-02-12 10:26:53', 'AUTHENTICATION_SUCCESS'),
       (1154, 'admin', '2020-02-12 10:46:41', 'AUTHENTICATION_FAILURE'),
       (1155, 'admin@localhost', '2020-02-12 10:46:46', 'AUTHENTICATION_SUCCESS'),
       (1156, 'admin@localhost', '2020-02-12 10:50:10', 'AUTHENTICATION_SUCCESS'),
       (1157, 'admin@localhost', '2020-02-12 10:53:30', 'AUTHENTICATION_SUCCESS'),
       (1158, 'admin@localhost', '2020-02-12 11:21:14', 'AUTHENTICATION_FAILURE'),
       (1159, 'admin@localhost', '2020-02-12 11:21:20', 'AUTHENTICATION_SUCCESS'),
       (1160, 'admin@localhost.vn', '2020-02-12 11:29:06', 'AUTHENTICATION_FAILURE'),
       (1161, 'admin@localhost', '2020-02-12 11:29:14', 'AUTHENTICATION_SUCCESS'),
       (1162, 'admin@localhost', '2020-02-12 12:21:36', 'AUTHENTICATION_SUCCESS'),
       (1163, 'admin@localhost', '2020-02-12 14:47:05', 'AUTHENTICATION_SUCCESS'),
       (1164, 'admin@localhost', '2020-02-12 15:10:46', 'AUTHENTICATION_SUCCESS'),
       (1165, 'keepmoving11a7@gmail.com', '2020-02-12 20:25:43', 'AUTHENTICATION_SUCCESS'),
       (1166, 'admin@localhost', '2020-02-12 20:26:23', 'AUTHENTICATION_SUCCESS'),
       (1167, 'admin@localhost', '2020-02-13 09:52:00', 'AUTHENTICATION_SUCCESS'),
       (1168, 'admin@localhost', '2020-02-13 10:02:59', 'AUTHENTICATION_SUCCESS'),
       (1169, 'admin@localhost', '2020-02-13 10:13:22', 'AUTHENTICATION_SUCCESS'),
       (1170, 'admin@localhost', '2020-02-13 15:02:24', 'AUTHENTICATION_SUCCESS'),
       (1171, 'admin@localhost', '2020-02-13 16:24:21', 'AUTHENTICATION_SUCCESS'),
       (1172, 'admin@localhost.vn', '2020-02-17 12:21:24', 'AUTHENTICATION_FAILURE'),
       (1173, 'admin@localhost', '2020-02-17 12:21:35', 'AUTHENTICATION_SUCCESS'),
       (1174, 'admin@localhost', '2020-02-18 09:46:38', 'AUTHENTICATION_SUCCESS'),
       (1175, 'admin@localhost', '2020-02-18 10:04:52', 'AUTHENTICATION_SUCCESS'),
       (1176, 'admin@localhost', '2020-02-18 14:38:11', 'AUTHENTICATION_FAILURE'),
       (1177, 'admin@localhost', '2020-02-18 14:38:37', 'AUTHENTICATION_SUCCESS'),
       (1178, 'admin@localhost', '2020-02-24 19:12:43', 'AUTHENTICATION_SUCCESS'),
       (1179, 'admin@localhost', '2020-02-26 16:41:12', 'AUTHENTICATION_SUCCESS'),
       (1180, 'admin@localhost', '2020-02-28 12:13:17', 'AUTHENTICATION_SUCCESS'),
       (1181, 'admin@localhost', '2020-02-28 12:41:42', 'AUTHENTICATION_SUCCESS'),
       (1182, 'admin', '2020-02-28 13:13:50', 'AUTHENTICATION_FAILURE'),
       (1183, 'admin', '2020-02-28 13:13:54', 'AUTHENTICATION_FAILURE'),
       (1184, 'admin@localhost', '2020-02-28 13:17:01', 'AUTHENTICATION_SUCCESS'),
       (1185, 'admin@localhost', '2020-02-28 13:17:27', 'AUTHENTICATION_SUCCESS'),
       (1186, 'admin@localhost', '2020-02-28 13:26:37', 'AUTHENTICATION_SUCCESS'),
       (1187, 'admin@localhost', '2020-02-28 13:50:57', 'AUTHENTICATION_SUCCESS');
/*!40000 ALTER TABLE `persistent_audit_event` ENABLE KEYS */;
UNLOCK
TABLES;

--
-- Table structure for table `persistent_audit_evt_data`
--

DROP TABLE IF EXISTS `persistent_audit_evt_data`;
/*!40101 SET @saved_cs_client     = @@character_set_client */;
/*!40101 SET character_set_client = utf8 */;
CREATE TABLE `persistent_audit_evt_data`
(
    `event_id` bigint(20) NOT NULL,
    `name`     varchar(150) COLLATE utf8mb4_unicode_ci NOT NULL,
    `value`    varchar(255) COLLATE utf8mb4_unicode_ci DEFAULT NULL,
    PRIMARY KEY (`event_id`, `name`),
    KEY        `idx_persistent_audit_evt_data` (`event_id`),
    CONSTRAINT `fk_evt_pers_audit_evt_data` FOREIGN KEY (`event_id`) REFERENCES `persistent_audit_event` (`event_id`)
) ENGINE=InnoDB DEFAULT CHARSET=utf8mb4 COLLATE=utf8mb4_unicode_ci;
/*!40101 SET character_set_client = @saved_cs_client */;

--
-- Dumping data for table `persistent_audit_evt_data`
--

LOCK
TABLES `persistent_audit_evt_data` WRITE;
/*!40000 ALTER TABLE `persistent_audit_evt_data` DISABLE KEYS */;
INSERT INTO `persistent_audit_evt_data`
VALUES (3, 'message', 'Bad credentials'),
       (3, 'type', 'org.springframework.security.authentication.BadCredentialsException'),
       (4, 'message', 'Bad credentials'),
       (4, 'type', 'org.springframework.security.authentication.BadCredentialsException'),
       (5, 'message', 'Bad credentials'),
       (5, 'type', 'org.springframework.security.authentication.BadCredentialsException'),
       (7, 'message', 'Bad credentials'),
       (7, 'type', 'org.springframework.security.authentication.BadCredentialsException'),
       (9, 'message', 'Bad credentials'),
       (9, 'type', 'org.springframework.security.authentication.BadCredentialsException'),
       (10, 'message', 'Bad credentials'),
       (10, 'type', 'org.springframework.security.authentication.BadCredentialsException'),
       (15, 'message', 'Bad credentials'),
       (15, 'type', 'org.springframework.security.authentication.BadCredentialsException'),
       (17, 'message', 'Bad credentials'),
       (17, 'type', 'org.springframework.security.authentication.BadCredentialsException'),
       (27, 'message', 'Bad credentials'),
       (27, 'type', 'org.springframework.security.authentication.BadCredentialsException'),
       (28, 'message', 'Bad credentials'),
       (28, 'type', 'org.springframework.security.authentication.BadCredentialsException'),
       (30, 'message', 'Bad credentials'),
       (30, 'type', 'org.springframework.security.authentication.BadCredentialsException'),
       (35, 'message', 'Bad credentials'),
       (35, 'type', 'org.springframework.security.authentication.BadCredentialsException'),
       (36, 'message', 'Bad credentials'),
       (36, 'type', 'org.springframework.security.authentication.BadCredentialsException'),
       (37, 'message', 'Bad credentials'),
       (37, 'type', 'org.springframework.security.authentication.BadCredentialsException'),
       (38, 'message', 'Bad credentials'),
       (38, 'type', 'org.springframework.security.authentication.BadCredentialsException'),
       (39, 'message', 'Bad credentials'),
       (39, 'type', 'org.springframework.security.authentication.BadCredentialsException'),
       (53, 'message', 'Bad credentials'),
       (53, 'type', 'org.springframework.security.authentication.BadCredentialsException'),
       (54, 'message', 'Bad credentials'),
       (54, 'type', 'org.springframework.security.authentication.BadCredentialsException'),
       (60, 'message', 'Bad credentials'),
       (60, 'type', 'org.springframework.security.authentication.BadCredentialsException'),
       (76, 'message', 'Bad credentials'),
       (76, 'type', 'org.springframework.security.authentication.BadCredentialsException'),
       (77, 'message', 'Bad credentials'),
       (77, 'type', 'org.springframework.security.authentication.BadCredentialsException'),
       (79, 'message', 'Bad credentials'),
       (79, 'type', 'org.springframework.security.authentication.BadCredentialsException'),
       (80, 'message', 'Bad credentials'),
       (80, 'type', 'org.springframework.security.authentication.BadCredentialsException'),
       (81, 'message', 'Bad credentials'),
       (81, 'type', 'org.springframework.security.authentication.BadCredentialsException'),
       (89, 'message', 'Bad credentials'),
       (89, 'type', 'org.springframework.security.authentication.BadCredentialsException'),
       (91, 'message', 'Bad credentials'),
       (91, 'type', 'org.springframework.security.authentication.BadCredentialsException'),
       (104, 'message', 'Bad credentials'),
       (104, 'type', 'org.springframework.security.authentication.BadCredentialsException'),
       (112, 'message', 'Bad credentials'),
       (112, 'type', 'org.springframework.security.authentication.BadCredentialsException'),
       (113, 'message', 'Bad credentials'),
       (113, 'type', 'org.springframework.security.authentication.BadCredentialsException'),
       (114, 'message', 'Bad credentials'),
       (114, 'type', 'org.springframework.security.authentication.BadCredentialsException'),
       (115, 'message', 'Bad credentials'),
       (115, 'type', 'org.springframework.security.authentication.BadCredentialsException'),
       (117, 'message', 'Bad credentials'),
       (117, 'type', 'org.springframework.security.authentication.BadCredentialsException'),
       (143, 'message', 'Bad credentials'),
       (143, 'type', 'org.springframework.security.authentication.BadCredentialsException'),
       (144, 'message', 'Bad credentials'),
       (144, 'type', 'org.springframework.security.authentication.BadCredentialsException'),
       (145, 'message', 'Bad credentials'),
       (145, 'type', 'org.springframework.security.authentication.BadCredentialsException'),
       (146, 'message', 'Bad credentials'),
       (146, 'type', 'org.springframework.security.authentication.BadCredentialsException'),
       (149, 'message', 'Bad credentials'),
       (149, 'type', 'org.springframework.security.authentication.BadCredentialsException'),
       (150, 'message', 'Bad credentials'),
       (150, 'type', 'org.springframework.security.authentication.BadCredentialsException'),
       (153, 'message', 'Bad credentials'),
       (153, 'type', 'org.springframework.security.authentication.BadCredentialsException'),
       (155, 'message', 'Bad credentials'),
       (155, 'type', 'org.springframework.security.authentication.BadCredentialsException'),
       (157, 'message', 'Bad credentials'),
       (157, 'type', 'org.springframework.security.authentication.BadCredentialsException'),
       (159, 'message', 'Bad credentials'),
       (159, 'type', 'org.springframework.security.authentication.BadCredentialsException'),
       (168, 'message', 'Bad credentials'),
       (168, 'type', 'org.springframework.security.authentication.BadCredentialsException'),
       (169, 'message', 'Bad credentials'),
       (169, 'type', 'org.springframework.security.authentication.BadCredentialsException'),
       (177, 'message', 'Bad credentials'),
       (177, 'type', 'org.springframework.security.authentication.BadCredentialsException'),
       (183, 'message', 'Bad credentials'),
       (183, 'type', 'org.springframework.security.authentication.BadCredentialsException'),
       (212, 'message', 'Bad credentials'),
       (212, 'type', 'org.springframework.security.authentication.BadCredentialsException'),
       (213, 'message', 'Bad credentials'),
       (213, 'type', 'org.springframework.security.authentication.BadCredentialsException'),
       (279, 'message', 'Bad credentials'),
       (279, 'type', 'org.springframework.security.authentication.BadCredentialsException'),
       (280, 'message', 'Bad credentials'),
       (280, 'type', 'org.springframework.security.authentication.BadCredentialsException'),
       (281, 'message', 'Bad credentials'),
       (281, 'type', 'org.springframework.security.authentication.BadCredentialsException'),
       (282, 'message', 'Bad credentials'),
       (282, 'type', 'org.springframework.security.authentication.BadCredentialsException'),
       (283, 'message', 'Bad credentials'),
       (283, 'type', 'org.springframework.security.authentication.BadCredentialsException'),
       (367, 'message', 'Bad credentials'),
       (367, 'type', 'org.springframework.security.authentication.BadCredentialsException'),
       (368, 'message', 'Bad credentials'),
       (368, 'type', 'org.springframework.security.authentication.BadCredentialsException'),
       (369, 'message', 'Bad credentials'),
       (369, 'type', 'org.springframework.security.authentication.BadCredentialsException'),
       (370, 'message', 'Bad credentials'),
       (370, 'type', 'org.springframework.security.authentication.BadCredentialsException'),
       (381, 'message', 'Bad credentials'),
       (381, 'type', 'org.springframework.security.authentication.BadCredentialsException'),
       (406, 'message', 'Bad credentials'),
       (406, 'type', 'org.springframework.security.authentication.BadCredentialsException'),
       (416, 'message', 'Bad credentials'),
       (416, 'type', 'org.springframework.security.authentication.BadCredentialsException'),
       (417, 'message', 'Bad credentials'),
       (417, 'type', 'org.springframework.security.authentication.BadCredentialsException'),
       (418, 'message', 'Bad credentials'),
       (418, 'type', 'org.springframework.security.authentication.BadCredentialsException'),
       (511, 'message', 'Bad credentials'),
       (511, 'type', 'org.springframework.security.authentication.BadCredentialsException'),
       (516, 'message', 'Bad credentials'),
       (516, 'type', 'org.springframework.security.authentication.BadCredentialsException'),
       (569, 'message', 'Bad credentials'),
       (569, 'type', 'org.springframework.security.authentication.BadCredentialsException'),
       (600, 'message', 'Bad credentials'),
       (600, 'type', 'org.springframework.security.authentication.BadCredentialsException'),
       (602, 'message', 'Bad credentials'),
       (602, 'type', 'org.springframework.security.authentication.BadCredentialsException'),
       (608, 'message', 'Bad credentials'),
       (608, 'type', 'org.springframework.security.authentication.BadCredentialsException'),
       (609, 'message', 'Bad credentials'),
       (609, 'type', 'org.springframework.security.authentication.BadCredentialsException'),
       (628, 'message', 'Bad credentials'),
       (628, 'type', 'org.springframework.security.authentication.BadCredentialsException'),
       (657, 'message', 'Bad credentials'),
       (657, 'type', 'org.springframework.security.authentication.BadCredentialsException'),
       (664, 'message', 'Bad credentials'),
       (664, 'type', 'org.springframework.security.authentication.BadCredentialsException'),
       (665, 'message', 'Bad credentials'),
       (665, 'type', 'org.springframework.security.authentication.BadCredentialsException'),
       (666, 'message', 'Bad credentials'),
       (666, 'type', 'org.springframework.security.authentication.BadCredentialsException'),
       (667, 'message', 'Bad credentials'),
       (667, 'type', 'org.springframework.security.authentication.BadCredentialsException'),
       (668, 'message', 'Bad credentials'),
       (668, 'type', 'org.springframework.security.authentication.BadCredentialsException'),
       (669, 'message', 'Bad credentials'),
       (669, 'type', 'org.springframework.security.authentication.BadCredentialsException'),
       (674, 'message', 'Bad credentials'),
       (674, 'type', 'org.springframework.security.authentication.BadCredentialsException'),
       (678, 'message', 'Bad credentials'),
       (678, 'type', 'org.springframework.security.authentication.BadCredentialsException'),
       (679, 'message', 'Bad credentials'),
       (679, 'type', 'org.springframework.security.authentication.BadCredentialsException'),
       (680, 'message', 'Bad credentials'),
       (680, 'type', 'org.springframework.security.authentication.BadCredentialsException'),
       (681, 'message', 'Bad credentials'),
       (681, 'type', 'org.springframework.security.authentication.BadCredentialsException'),
       (683, 'message', 'Bad credentials'),
       (683, 'type', 'org.springframework.security.authentication.BadCredentialsException'),
       (686, 'message', 'Bad credentials'),
       (686, 'type', 'org.springframework.security.authentication.BadCredentialsException'),
       (688, 'message', 'Bad credentials'),
       (688, 'type', 'org.springframework.security.authentication.BadCredentialsException'),
       (689, 'message', 'Bad credentials'),
       (689, 'type', 'org.springframework.security.authentication.BadCredentialsException'),
       (698, 'message', 'Bad credentials'),
       (698, 'type', 'org.springframework.security.authentication.BadCredentialsException'),
       (717, 'message', 'Bad credentials'),
       (717, 'type', 'org.springframework.security.authentication.BadCredentialsException'),
       (731, 'message', 'Bad credentials'),
       (731, 'type', 'org.springframework.security.authentication.BadCredentialsException'),
       (732, 'message', 'Bad credentials'),
       (732, 'type', 'org.springframework.security.authentication.BadCredentialsException'),
       (757, 'message', 'Bad credentials'),
       (757, 'type', 'org.springframework.security.authentication.BadCredentialsException'),
       (767, 'message', 'Bad credentials'),
       (767, 'type', 'org.springframework.security.authentication.BadCredentialsException'),
       (783, 'message', 'Bad credentials'),
       (783, 'type', 'org.springframework.security.authentication.BadCredentialsException'),
       (785, 'message', 'Bad credentials'),
       (785, 'type', 'org.springframework.security.authentication.BadCredentialsException'),
       (792, 'message', 'Bad credentials'),
       (792, 'type', 'org.springframework.security.authentication.BadCredentialsException'),
       (793, 'message', 'Bad credentials'),
       (793, 'type', 'org.springframework.security.authentication.BadCredentialsException'),
       (806, 'message', 'Bad credentials'),
       (806, 'type', 'org.springframework.security.authentication.BadCredentialsException'),
       (825, 'message', 'Bad credentials'),
       (825, 'type', 'org.springframework.security.authentication.BadCredentialsException'),
       (827, 'message', 'Bad credentials'),
       (827, 'type', 'org.springframework.security.authentication.BadCredentialsException'),
       (841, 'message', 'Bad credentials'),
       (841, 'type', 'org.springframework.security.authentication.BadCredentialsException'),
       (847, 'message', 'Bad credentials'),
       (847, 'type', 'org.springframework.security.authentication.BadCredentialsException'),
       (868, 'message', 'Bad credentials'),
       (868, 'type', 'org.springframework.security.authentication.BadCredentialsException'),
       (869, 'message', 'Bad credentials'),
       (869, 'type', 'org.springframework.security.authentication.BadCredentialsException'),
       (870, 'message', 'Bad credentials'),
       (870, 'type', 'org.springframework.security.authentication.BadCredentialsException'),
       (871, 'message', 'Bad credentials'),
       (871, 'type', 'org.springframework.security.authentication.BadCredentialsException'),
       (872, 'message', 'Bad credentials'),
       (872, 'type', 'org.springframework.security.authentication.BadCredentialsException'),
       (880, 'message', 'Bad credentials'),
       (880, 'type', 'org.springframework.security.authentication.BadCredentialsException'),
       (884, 'message', 'Bad credentials'),
       (884, 'type', 'org.springframework.security.authentication.BadCredentialsException'),
       (900, 'message', 'Bad credentials'),
       (900, 'type', 'org.springframework.security.authentication.BadCredentialsException'),
       (910, 'message', 'Bad credentials'),
       (910, 'type', 'org.springframework.security.authentication.BadCredentialsException'),
       (913, 'message', 'Bad credentials'),
       (913, 'type', 'org.springframework.security.authentication.BadCredentialsException'),
       (914, 'message', 'Bad credentials'),
       (914, 'type', 'org.springframework.security.authentication.BadCredentialsException'),
       (915, 'message', 'Bad credentials'),
       (915, 'type', 'org.springframework.security.authentication.BadCredentialsException'),
       (930, 'message', 'Bad credentials'),
       (930, 'type', 'org.springframework.security.authentication.BadCredentialsException'),
       (931, 'message', 'Bad credentials'),
       (931, 'type', 'org.springframework.security.authentication.BadCredentialsException'),
       (933, 'message', 'Bad credentials'),
       (933, 'type', 'org.springframework.security.authentication.BadCredentialsException'),
       (942, 'message', 'Bad credentials'),
       (942, 'type', 'org.springframework.security.authentication.BadCredentialsException'),
       (943, 'message', 'Bad credentials'),
       (943, 'type', 'org.springframework.security.authentication.BadCredentialsException'),
       (944, 'message', 'Bad credentials'),
       (944, 'type', 'org.springframework.security.authentication.BadCredentialsException'),
       (945, 'message', 'Bad credentials'),
       (945, 'type', 'org.springframework.security.authentication.BadCredentialsException'),
       (946, 'message', 'Bad credentials'),
       (946, 'type', 'org.springframework.security.authentication.BadCredentialsException'),
       (947, 'message', 'Bad credentials'),
       (947, 'type', 'org.springframework.security.authentication.BadCredentialsException'),
       (948, 'message', 'Bad credentials'),
       (948, 'type', 'org.springframework.security.authentication.BadCredentialsException'),
       (949, 'message', 'Bad credentials'),
       (949, 'type', 'org.springframework.security.authentication.BadCredentialsException'),
       (950, 'message', 'Bad credentials'),
       (950, 'type', 'org.springframework.security.authentication.BadCredentialsException'),
       (951, 'message', 'Bad credentials'),
       (951, 'type', 'org.springframework.security.authentication.BadCredentialsException'),
       (952, 'message', 'Bad credentials'),
       (952, 'type', 'org.springframework.security.authentication.BadCredentialsException'),
       (953, 'message', 'Bad credentials'),
       (953, 'type', 'org.springframework.security.authentication.BadCredentialsException'),
       (954, 'message', 'Bad credentials'),
       (954, 'type', 'org.springframework.security.authentication.BadCredentialsException'),
       (955, 'message', 'Bad credentials'),
       (955, 'type', 'org.springframework.security.authentication.BadCredentialsException'),
       (956, 'message', 'Bad credentials'),
       (956, 'type', 'org.springframework.security.authentication.BadCredentialsException'),
       (957, 'message', 'Bad credentials'),
       (957, 'type', 'org.springframework.security.authentication.BadCredentialsException'),
       (958, 'message', 'Bad credentials'),
       (958, 'type', 'org.springframework.security.authentication.BadCredentialsException'),
       (959, 'message', 'Bad credentials'),
       (959, 'type', 'org.springframework.security.authentication.BadCredentialsException'),
       (960, 'message', 'Bad credentials'),
       (960, 'type', 'org.springframework.security.authentication.BadCredentialsException'),
       (961, 'message', 'Bad credentials'),
       (961, 'type', 'org.springframework.security.authentication.BadCredentialsException'),
       (962, 'message', 'Bad credentials'),
       (962, 'type', 'org.springframework.security.authentication.BadCredentialsException'),
       (963, 'message', 'Bad credentials'),
       (963, 'type', 'org.springframework.security.authentication.BadCredentialsException'),
       (964, 'message', 'Bad credentials'),
       (964, 'type', 'org.springframework.security.authentication.BadCredentialsException'),
       (965, 'message', 'Bad credentials'),
       (965, 'type', 'org.springframework.security.authentication.BadCredentialsException'),
       (966, 'message', 'Bad credentials'),
       (966, 'type', 'org.springframework.security.authentication.BadCredentialsException'),
       (967, 'message', 'Bad credentials'),
       (967, 'type', 'org.springframework.security.authentication.BadCredentialsException'),
       (968, 'message', 'Bad credentials'),
       (968, 'type', 'org.springframework.security.authentication.BadCredentialsException'),
       (969, 'message', 'Bad credentials'),
       (969, 'type', 'org.springframework.security.authentication.BadCredentialsException'),
       (970, 'message', 'Bad credentials'),
       (970, 'type', 'org.springframework.security.authentication.BadCredentialsException'),
       (971, 'message', 'Bad credentials'),
       (971, 'type', 'org.springframework.security.authentication.BadCredentialsException'),
       (972, 'message', 'Bad credentials'),
       (972, 'type', 'org.springframework.security.authentication.BadCredentialsException'),
       (975, 'message', 'Bad credentials'),
       (975, 'type', 'org.springframework.security.authentication.BadCredentialsException'),
       (976, 'message', 'Bad credentials'),
       (976, 'type', 'org.springframework.security.authentication.BadCredentialsException'),
       (1000, 'message', 'Bad credentials'),
       (1000, 'type', 'org.springframework.security.authentication.BadCredentialsException'),
       (1011, 'message', 'Bad credentials'),
       (1011, 'type', 'org.springframework.security.authentication.BadCredentialsException'),
       (1012, 'message', 'Bad credentials'),
       (1012, 'type', 'org.springframework.security.authentication.BadCredentialsException'),
       (1013, 'message', 'Bad credentials'),
       (1013, 'type', 'org.springframework.security.authentication.BadCredentialsException'),
       (1014, 'message', 'Bad credentials'),
       (1014, 'type', 'org.springframework.security.authentication.BadCredentialsException'),
       (1015, 'message', 'Bad credentials'),
       (1015, 'type', 'org.springframework.security.authentication.BadCredentialsException'),
       (1031, 'message', 'Bad credentials'),
       (1031, 'type', 'org.springframework.security.authentication.BadCredentialsException'),
       (1032, 'message', 'Bad credentials'),
       (1032, 'type', 'org.springframework.security.authentication.BadCredentialsException'),
       (1033, 'message', 'Bad credentials'),
       (1033, 'type', 'org.springframework.security.authentication.BadCredentialsException'),
       (1034, 'message', 'Bad credentials'),
       (1034, 'type', 'org.springframework.security.authentication.BadCredentialsException'),
       (1035, 'message', 'Bad credentials'),
       (1035, 'type', 'org.springframework.security.authentication.BadCredentialsException'),
       (1037, 'message', 'Bad credentials'),
       (1037, 'type', 'org.springframework.security.authentication.BadCredentialsException'),
       (1042, 'message', 'Bad credentials'),
       (1042, 'type', 'org.springframework.security.authentication.BadCredentialsException'),
       (1054, 'message', 'Bad credentials'),
       (1054, 'type', 'org.springframework.security.authentication.BadCredentialsException'),
       (1063, 'message', 'Bad credentials'),
       (1063, 'type', 'org.springframework.security.authentication.BadCredentialsException'),
       (1068, 'message', 'Bad credentials'),
       (1068, 'type', 'org.springframework.security.authentication.BadCredentialsException'),
       (1075, 'message', 'Bad credentials'),
       (1075, 'type', 'org.springframework.security.authentication.BadCredentialsException'),
       (1105, 'message', 'Bad credentials'),
       (1105, 'type', 'org.springframework.security.authentication.BadCredentialsException'),
       (1108, 'message', 'Bad credentials'),
       (1108, 'type', 'org.springframework.security.authentication.BadCredentialsException'),
       (1126, 'message', 'Bad credentials'),
       (1126, 'type', 'org.springframework.security.authentication.BadCredentialsException'),
       (1127, 'message', 'Bad credentials'),
       (1127, 'type', 'org.springframework.security.authentication.BadCredentialsException'),
       (1154, 'message', 'Bad credentials'),
       (1154, 'type', 'org.springframework.security.authentication.BadCredentialsException'),
       (1158, 'message', 'Bad credentials'),
       (1158, 'type', 'org.springframework.security.authentication.BadCredentialsException'),
       (1160, 'message', 'Bad credentials'),
       (1160, 'type', 'org.springframework.security.authentication.BadCredentialsException'),
       (1172, 'message', 'Bad credentials'),
       (1172, 'type', 'org.springframework.security.authentication.BadCredentialsException'),
       (1176, 'message', 'Bad credentials'),
       (1176, 'type', 'org.springframework.security.authentication.BadCredentialsException'),
       (1182, 'message', 'Bad credentials'),
       (1182, 'type', 'org.springframework.security.authentication.BadCredentialsException'),
       (1183, 'message', 'Bad credentials'),
       (1183, 'type', 'org.springframework.security.authentication.BadCredentialsException');
/*!40000 ALTER TABLE `persistent_audit_evt_data` ENABLE KEYS */;
UNLOCK
TABLES;


--
-- Table structure for table `topic`
--

DROP TABLE IF EXISTS `topic`;
/*!40101 SET @saved_cs_client     = @@character_set_client */;
/*!40101 SET character_set_client = utf8 */;
CREATE TABLE `topic`
(
    `id`                 bigint(20) NOT NULL AUTO_INCREMENT,
    `created_by`         varchar(50) COLLATE utf8mb4_unicode_ci NOT NULL,
    `created_date`       datetime                                DEFAULT NULL,
    `last_modified_by`   varchar(50) COLLATE utf8mb4_unicode_ci  DEFAULT NULL,
    `last_modified_date` datetime                                DEFAULT NULL,
    `level`              int(11) DEFAULT NULL,
    `name`               varchar(255) COLLATE utf8mb4_unicode_ci DEFAULT NULL,
    `parent_id`          bigint(20) DEFAULT NULL,
    `path`               varchar(255) COLLATE utf8mb4_unicode_ci DEFAULT NULL,
    `activated`          tinyint(1) DEFAULT '1',
    PRIMARY KEY (`id`)
) ENGINE=InnoDB AUTO_INCREMENT=95 DEFAULT CHARSET=utf8mb4 COLLATE=utf8mb4_unicode_ci;
/*!40101 SET character_set_client = @saved_cs_client */;

--
-- Table structure for table `topic_album`
--

DROP TABLE IF EXISTS `topic_album`;
/*!40101 SET @saved_cs_client     = @@character_set_client */;
/*!40101 SET character_set_client = utf8 */;
CREATE TABLE `topic_album`
(
    `id`       bigint(20) NOT NULL AUTO_INCREMENT,
    `name`     varchar(255) COLLATE utf8mb4_unicode_ci DEFAULT NULL,
    `topic_id` bigint(20) DEFAULT NULL,
    PRIMARY KEY (`id`),
    KEY        `FKb8aa2h3ycyybt82aobcd8pdgi` (`topic_id`),
    CONSTRAINT `FKb8aa2h3ycyybt82aobcd8pdgi` FOREIGN KEY (`topic_id`) REFERENCES `topic` (`id`)
) ENGINE=InnoDB AUTO_INCREMENT=65 DEFAULT CHARSET=utf8mb4 COLLATE=utf8mb4_unicode_ci;
/*!40101 SET character_set_client = @saved_cs_client */;

--
-- Table structure for table `topic_config`
--

DROP TABLE IF EXISTS `topic_config`;
/*!40101 SET @saved_cs_client     = @@character_set_client */;
/*!40101 SET character_set_client = utf8 */;
CREATE TABLE `topic_config`
(
    `id`                         bigint(20) NOT NULL,
    `created_by`                 varchar(50) COLLATE utf8mb4_unicode_ci NOT NULL,
    `created_date`               datetime                                DEFAULT NULL,
    `last_modified_by`           varchar(50) COLLATE utf8mb4_unicode_ci  DEFAULT NULL,
    `last_modified_date`         datetime                                DEFAULT NULL,
    `about`                      longtext COLLATE utf8mb4_unicode_ci,
    `action`                     longtext COLLATE utf8mb4_unicode_ci,
    `biography`                  longtext COLLATE utf8mb4_unicode_ci,
    `emails`                     longtext COLLATE utf8mb4_unicode_ci,
    `enable_action`              bit(1)                                 NOT NULL,
    `enable_album`               bit(1)                                 NOT NULL,
    `enable_biography`           bit(1)                                 NOT NULL,
    `enable_working_schedule`    bit(1)                                 NOT NULL,
    `experience`                 longtext COLLATE utf8mb4_unicode_ci,
    `interaction_operation`      bigint(20) DEFAULT NULL,
    `interaction_value`          bigint(20) DEFAULT NULL,
    `keyword_excludes`           varchar(255) COLLATE utf8mb4_unicode_ci DEFAULT NULL,
    `keyword_includes`           varchar(255) COLLATE utf8mb4_unicode_ci DEFAULT NULL,
    `keylink_includes`           varchar(255) COLLATE utf8mb4_unicode_ci DEFAULT NULL,
    `nuance_balance`             bit(1)                                 NOT NULL,
    `nuance_balance_operation`   bigint(20) DEFAULT NULL,
    `nuance_balance_value`       bigint(20) DEFAULT NULL,
    `nuance_negative`            bit(1)                                 NOT NULL,
    `nuance_negative_operation`  bigint(20) DEFAULT NULL,
    `nuance_negative_value`      bigint(20) DEFAULT NULL,
    `nuance_positive`            bit(1)                                 NOT NULL,
    `nuance_positive_operation`  bigint(20) DEFAULT NULL,
    `nuance_positive_value`      bigint(20) DEFAULT NULL,
    `phones`                     longtext COLLATE utf8mb4_unicode_ci,
    `time_warning`               bigint(20) DEFAULT NULL,
    `time_warning_custom`        bigint(20) DEFAULT NULL,
    `working_schedule_method`    varchar(255) COLLATE utf8mb4_unicode_ci DEFAULT NULL,
    `working_schedule_param`     varchar(255) COLLATE utf8mb4_unicode_ci DEFAULT NULL,
    `working_scheduleurl`        varchar(255) COLLATE utf8mb4_unicode_ci DEFAULT NULL,
    `children_topic`             longtext COLLATE utf8mb4_unicode_ci,
    `news_types_excludes`        longtext COLLATE utf8mb4_unicode_ci,
    `news_types_selected`        longtext COLLATE utf8mb4_unicode_ci,
    `other_news_source_selected` longtext COLLATE utf8mb4_unicode_ci,
    `avatar`                     varchar(255) COLLATE utf8mb4_unicode_ci DEFAULT NULL,
    PRIMARY KEY (`id`)
) ENGINE=InnoDB DEFAULT CHARSET=utf8mb4 COLLATE=utf8mb4_unicode_ci;
/*!40101 SET character_set_client = @saved_cs_client */;

--
-- Table structure for table `topic_image`
--

DROP TABLE IF EXISTS `topic_image`;
/*!40101 SET @saved_cs_client     = @@character_set_client */;
/*!40101 SET character_set_client = utf8 */;
CREATE TABLE `topic_image`
(
    `id`             bigint(20) NOT NULL AUTO_INCREMENT,
    `path`           varchar(255) COLLATE utf8mb4_unicode_ci DEFAULT NULL,
    `topic_album_id` bigint(20) DEFAULT NULL,
    PRIMARY KEY (`id`),
    KEY              `FKakt97qq5tju5aw3imn8uf3ikh` (`topic_album_id`),
    CONSTRAINT `FKakt97qq5tju5aw3imn8uf3ikh` FOREIGN KEY (`topic_album_id`) REFERENCES `topic_album` (`id`)
) ENGINE=InnoDB AUTO_INCREMENT=89 DEFAULT CHARSET=utf8mb4 COLLATE=utf8mb4_unicode_ci;
/*!40101 SET character_set_client = @saved_cs_client */;

--
-- Table structure for table `topic_over_config`
--

DROP TABLE IF EXISTS `topic_over_config`;
/*!40101 SET @saved_cs_client     = @@character_set_client */;
/*!40101 SET character_set_client = utf8 */;
CREATE TABLE `topic_over_config`
(
    `id`                 bigint(20) NOT NULL AUTO_INCREMENT,
    `type`               varchar(45) COLLATE utf8mb4_unicode_ci DEFAULT NULL,
    `status`             varchar(45) COLLATE utf8mb4_unicode_ci DEFAULT NULL,
    `topic_id`           bigint(20) DEFAULT NULL,
    `created_by`         varchar(50) COLLATE utf8mb4_unicode_ci NOT NULL,
    `created_date`       datetime                               DEFAULT CURRENT_TIMESTAMP,
    `last_modified_by`   varchar(50) COLLATE utf8mb4_unicode_ci DEFAULT NULL,
    `last_modified_date` datetime                               DEFAULT NULL,
    PRIMARY KEY (`id`),
    KEY                  `topic_id` (`topic_id`),
    CONSTRAINT `topic_id` FOREIGN KEY (`topic_id`) REFERENCES `topic` (`id`)
) ENGINE=InnoDB DEFAULT CHARSET=utf8mb4 COLLATE=utf8mb4_unicode_ci;
/*!40101 SET character_set_client = @saved_cs_client */;

--
-- Dumping data for table `topic_over_config`
--

LOCK
TABLES `topic_over_config` WRITE;
/*!40000 ALTER TABLE `topic_over_config` DISABLE KEYS */;
/*!40000 ALTER TABLE `topic_over_config` ENABLE KEYS */;
UNLOCK
TABLES;

--
-- Table structure for table `topic_permission`
--

DROP TABLE IF EXISTS `topic_permission`;
/*!40101 SET @saved_cs_client     = @@character_set_client */;
/*!40101 SET character_set_client = utf8 */;
CREATE TABLE `topic_permission`
(
    `id`                 bigint(20) NOT NULL AUTO_INCREMENT,
    `created_by`         varchar(50) COLLATE utf8mb4_unicode_ci NOT NULL,
    `created_date`       datetime                                DEFAULT NULL,
    `last_modified_by`   varchar(50) COLLATE utf8mb4_unicode_ci  DEFAULT NULL,
    `last_modified_date` datetime                                DEFAULT NULL,
    `permission`         varchar(255) COLLATE utf8mb4_unicode_ci DEFAULT NULL,
    `topic_id`           bigint(20) DEFAULT NULL,
    `user_id`            bigint(20) DEFAULT NULL,
    PRIMARY KEY (`id`),
    KEY                  `FK4vp9lw1ur0ldei8t2myimohxd` (`topic_id`),
    KEY                  `FKbk5prfe1q9i10tfolkokf9qph` (`user_id`),
    CONSTRAINT `FK4vp9lw1ur0ldei8t2myimohxd` FOREIGN KEY (`topic_id`) REFERENCES `topic` (`id`),
    CONSTRAINT `FKbk5prfe1q9i10tfolkokf9qph` FOREIGN KEY (`user_id`) REFERENCES `user` (`id`)
) ENGINE=InnoDB AUTO_INCREMENT=171 DEFAULT CHARSET=utf8mb4 COLLATE=utf8mb4_unicode_ci;
/*!40101 SET character_set_client = @saved_cs_client */;

--
-- Table structure for table `topic_post`
--

DROP TABLE IF EXISTS `topic_post`;
/*!40101 SET @saved_cs_client     = @@character_set_client */;
/*!40101 SET character_set_client = utf8 */;
CREATE TABLE `topic_post`
(
    `id`                 bigint(20) NOT NULL AUTO_INCREMENT,
    `created_by`         varchar(50) COLLATE utf8mb4_unicode_ci NOT NULL,
    `created_date`       datetime                                DEFAULT NULL,
    `last_modified_by`   varchar(50) COLLATE utf8mb4_unicode_ci  DEFAULT NULL,
    `last_modified_date` datetime                                DEFAULT NULL,
    `summary`            longtext COLLATE utf8mb4_unicode_ci,
    `content`            longtext COLLATE utf8mb4_unicode_ci,
    `thumbnail`          varchar(255) COLLATE utf8mb4_unicode_ci DEFAULT NULL,
    `title`              varchar(255) COLLATE utf8mb4_unicode_ci DEFAULT NULL,
    `topic_id`           bigint(20) NOT NULL,
    PRIMARY KEY (`id`),
    KEY                  `FKruj4bvl8qadej54lwqkex3dpu` (`topic_id`),
    CONSTRAINT `FKruj4bvl8qadej54lwqkex3dpu` FOREIGN KEY (`topic_id`) REFERENCES `topic` (`id`)
) ENGINE=InnoDB AUTO_INCREMENT=59 DEFAULT CHARSET=utf8mb4 COLLATE=utf8mb4_unicode_ci;
/*!40101 SET character_set_client = @saved_cs_client */;

--
-- Table structure for table `topic_subscribe`
--

DROP TABLE IF EXISTS `topic_subscribe`;
/*!40101 SET @saved_cs_client     = @@character_set_client */;
/*!40101 SET character_set_client = utf8 */;
CREATE TABLE `topic_subscribe`
(
    `id`                 bigint(20) NOT NULL AUTO_INCREMENT,
    `created_by`         varchar(50) COLLATE utf8mb4_unicode_ci NOT NULL,
    `created_date`       datetime                               DEFAULT NULL,
    `last_modified_by`   varchar(50) COLLATE utf8mb4_unicode_ci DEFAULT NULL,
    `last_modified_date` datetime                               DEFAULT NULL,
    `topic_id`           bigint(20) DEFAULT NULL,
    `user_id`            bigint(20) DEFAULT NULL,
    PRIMARY KEY (`id`),
    KEY                  `FK3sa4iwkt8hqu6b6l4lcpqdq42` (`topic_id`),
    KEY                  `FKrgqadftid8b5xk4jkjsmq2bhu` (`user_id`),
    CONSTRAINT `FK3sa4iwkt8hqu6b6l4lcpqdq42` FOREIGN KEY (`topic_id`) REFERENCES `topic` (`id`),
    CONSTRAINT `FKrgqadftid8b5xk4jkjsmq2bhu` FOREIGN KEY (`user_id`) REFERENCES `user` (`id`)
) ENGINE=InnoDB AUTO_INCREMENT=164 DEFAULT CHARSET=utf8mb4 COLLATE=utf8mb4_unicode_ci;
/*!40101 SET character_set_client = @saved_cs_client */;

--
-- Table structure for table `typical_news`
--

DROP TABLE IF EXISTS `typical_news`;
/*!40101 SET @saved_cs_client     = @@character_set_client */;
/*!40101 SET character_set_client = utf8 */;
CREATE TABLE `typical_news`
(
    `id`       bigint(20) NOT NULL AUTO_INCREMENT,
    `name`     varchar(255) COLLATE utf8mb4_unicode_ci DEFAULT NULL,
    `settings` longtext COLLATE utf8mb4_unicode_ci,
    PRIMARY KEY (`id`)
) ENGINE=InnoDB AUTO_INCREMENT=63 DEFAULT CHARSET=utf8mb4 COLLATE=utf8mb4_unicode_ci;
/*!40101 SET character_set_client = @saved_cs_client */;

--
-- Table structure for table `user`
--

DROP TABLE IF EXISTS `user`;
/*!40101 SET @saved_cs_client     = @@character_set_client */;
/*!40101 SET character_set_client = utf8 */;
CREATE TABLE `user`
(
    `id`                 bigint(20) NOT NULL AUTO_INCREMENT,
    `password_hash`      varchar(60) COLLATE utf8mb4_unicode_ci NOT NULL,
    `name`               varchar(50) COLLATE utf8mb4_unicode_ci  DEFAULT NULL,
    `mobile`             varchar(20) COLLATE utf8mb4_unicode_ci  DEFAULT NULL,
    `email`              varchar(191) COLLATE utf8mb4_unicode_ci DEFAULT NULL,
    `image_url`          varchar(256) COLLATE utf8mb4_unicode_ci DEFAULT NULL,
    `activated`          bit(1)                                 NOT NULL,
    `deleted`            bit(1)                                 NOT NULL,
    `activation_key`     varchar(20) COLLATE utf8mb4_unicode_ci  DEFAULT NULL,
    `reset_key`          varchar(20) COLLATE utf8mb4_unicode_ci  DEFAULT NULL,
    `created_by`         varchar(50) COLLATE utf8mb4_unicode_ci NOT NULL,
    `created_date`       timestamp NULL DEFAULT CURRENT_TIMESTAMP,
    `reset_date`         timestamp NULL DEFAULT NULL,
    `last_modified_by`   varchar(50) COLLATE utf8mb4_unicode_ci  DEFAULT NULL,
    `last_modified_date` timestamp NULL DEFAULT NULL,
    `gender`             varchar(255) COLLATE utf8mb4_unicode_ci DEFAULT NULL,
    PRIMARY KEY (`id`),
    UNIQUE KEY `ux_user_email` (`email`)
) ENGINE=InnoDB AUTO_INCREMENT=75 DEFAULT CHARSET=utf8mb4 COLLATE=utf8mb4_unicode_ci;
/*!40101 SET character_set_client = @saved_cs_client */;

--
-- Dumping data for table `user`
--

LOCK
TABLES `user` WRITE;
/*!40000 ALTER TABLE `user` DISABLE KEYS */;
INSERT INTO `user`
VALUES (1, '$2a$10$mE.qmcV0mFU5NcKh73TZx.z4ueI/.bDWbj0T1BYyqP481kGGarKLG', 'System', '0123456789', 'system@localhost',
        NULL, _binary '', _binary '\0', NULL, NULL, 'system@localhost', '2019-11-19 08:51:35', NULL, 'admin@localhost',
        '2020-02-11 15:56:47', NULL),
       (2, '$2a$10$j8S5d7Sr7.8VTOYNviDPOeWX8KcYILUVJBsYV83Y5NtECayypx9lO', 'Anonymous', '0123456789',
        'anonymous@localhost', NULL, _binary '', _binary '\0', NULL, NULL, 'system@localhost', '2019-11-19 08:51:35',
        NULL, 'system@localhost', NULL, NULL),
       (3, '$2a$10$gSAhZrxMllrbgj/kkK9UceBPpChGWJA7SYIb1Mqo.n5aNLq1/oRrC', 'Administ test', '54658988900976',
        'admin@localhost', 'avatar/2020/02/10/wy4pV26Glf_image.jpg', _binary '', _binary '\0', NULL, NULL,
        'system@localhost', '2019-11-19 08:51:35', NULL, 'admin@localhost', '2020-02-11 09:43:41', 'OTHER'),
       (4, '$2a$10$VEjxo0jq2YG9Rbk2HmX9S.k1uZBGYUHdUcid3g/vfiEl7lwWgOH/K', 'User', '0123456789', 'user@localhost', NULL,
        _binary '', _binary '\0', NULL, NULL, 'system@localhost', '2019-11-19 08:51:35', NULL, 'system@localhost',
        NULL, NULL),
       (5, '$2a$10$rYjSSkfR64UQgX1RzufJP.kAq5DE97TOOqoyXcvk0bRrX0J.JCh3G', 'Phạm Hông Liên', '0384718060',
        'lien1@gmail.com', NULL, _binary '', _binary '\0', NULL, '37945258681287304041', 'admin@localhost',
        '2019-11-19 17:04:09', '2019-11-19 17:04:09', 'admin@localhost', '2019-12-03 12:47:21', NULL),
       (6, '$2a$10$YQaQHBN2hc56WgAozjp3CubfUpAqYk/2frEqPXNryKXUZo4eEaNUG', 'test', '0384715555', 'lien1234@gmail.com',
        NULL, _binary '', _binary '\0', NULL, '17479975699263423657', 'admin@localhost', '2019-11-19 17:23:17',
        '2019-11-19 17:23:17', 'admin@localhost', '2019-11-19 17:23:17', NULL),
       (7, '$2a$10$s46PR5hZ.UzkeBwdoR14SenKeygFCtL6TmlZLi5BdK3obDHkF8qGi', 'LIEN', '0384718060', 'hang1@gmail.com',
        NULL, _binary '', _binary '\0', NULL, '59311653429183996128', 'admin@localhost', '2019-11-19 17:28:38',
        '2019-11-19 17:28:38', 'admin@localhost', '2019-11-19 17:28:38', NULL),
       (8, '$2a$10$qaDUUiXsNOoAcigJQljk1.3zTOa0M27XS72JvJFfE2THWAM1zp54u', 'Phạm Mã Khanh', '0984236455',
        'khanh@solidtech.vn', NULL, _binary '', _binary '\0', NULL, '71661674289045097696', 'admin@localhost',
        '2019-11-19 18:22:56', '2019-11-19 18:22:56', 'admin@localhost', '2019-11-19 18:22:56', NULL),
       (9, '$2a$10$lyAAhm/W/eTZKy3/WHPS1.RotI2sEEf28z2TpbolX3upb42cUSdtu', 'Phạm Liên', '0865054981',
        'phamhonglienhvtc@gmail.com', NULL, _binary '', _binary '\0', NULL, '45558529698509290844', 'admin@localhost',
        '2019-11-19 18:27:36', '2019-11-19 18:27:36', 'admin@localhost', '2019-12-13 11:42:13', NULL),
       (10, '$2a$10$ZH.7FmnGYtTZu4No/m9l3eqDZJ.XceBBkBAhsg2mJTCyFWnLcJEjW', 'testertop', '0384718066',
        'yfe81067@bcaoo.com', NULL, _binary '', _binary '\0', NULL, NULL, 'admin@localhost', '2019-11-20 10:43:43',
        NULL, 'admin@localhost', '2019-11-20 10:52:33', NULL),
       (11, '$2a$10$E3Xu3XKaOV5vtDyA.Pgu/.MKEpEg4DPG.VFtFGPYP46zSm0.vUSbe', 'Uri Bông', '0384718062',
        'kemchanh211297@gmail.com', 'avatar/2019/12/10/QXdMGFkhlt_a7.png', _binary '', _binary '\0', NULL,
        '09644288743446326087', 'admin@localhost', '2019-11-20 14:51:55', '2019-12-20 15:17:28', 'admin@localhost',
        '2019-12-20 19:01:43', 'OTHER'),
       (12, '$2a$10$tCZHvQuhz7oNQbz12USLK.Xhf4XiElOoiuBONbPVZGEqkuNWrwT0a', 'Phạm Hồng Liên hvtc', '0384718888',
        'phamhonglienhvtc@mail.com', NULL, _binary '', _binary '\0', NULL, '22679355217642367274', 'admin@localhost',
        '2019-11-20 14:55:38', '2019-11-20 14:55:38', 'admin@localhost', '2019-11-21 17:36:07', NULL),
       (13, '$2a$10$f9fE./VxDAWyqhjMfrZpFuKpn1/VNBlEajy/mqQ4a2RU22ZYYZfk.', 'Ngọc Anh', '0988888884',
        'ngocanhhvtc@gmail.com', NULL, _binary '', _binary '', NULL, '19984328242785575653', 'admin@localhost',
        '2019-11-21 17:37:18', '2019-11-21 17:37:18', 'admin@localhost', '2020-02-10 17:28:21', NULL),
       (14, '$2a$10$4dXbtJGELBFuSJ6nLq8wnOQjys6q79cajyR8HLGwzbrDP8B3CpHO2', 'test v32', '0384718067',
        'hzq64077@zzrgg.com', NULL, _binary '', _binary '\0', NULL, NULL, 'admin@localhost', '2019-11-27 14:57:50',
        NULL, 'admin@localhost', '2019-12-17 16:59:38', NULL),
       (15, '$2a$10$nvK1w2ARVBn/P4KbO8cZZ.ea9QE4HAVEkrK29bjwfSfWmyxIBOacy', 'Khanh', '0977505198',
        'khanhpm212@gmail.com', NULL, _binary '', _binary '\0', NULL, NULL, 'admin@localhost', '2019-11-28 10:54:02',
        NULL, 'admin@localhost', '2019-11-28 10:55:11', NULL),
       (16, '$2a$10$RTHatbZMF/nIpU2OLF82vuJyR2aG3UMcq5EYDlZ7TnW/j4xzn8Rj2', 'kiemvm', '0379152702',
        'manhkiem41@gmail.com', NULL, _binary '', _binary '\0', NULL, NULL, 'admin@localhost', '2019-11-29 10:27:13',
        NULL, 'admin@localhost', '2020-01-09 10:16:35', NULL),
       (17, '$2a$10$0F/S4.aZE/oPatkureI02Ol0s5QHlUYMNC.YLav3uItnE6uq0ya1W', 'Khanh _2', '0999999998',
        'tdj40676@eveav.com', NULL, _binary '\0', _binary '\0', NULL, NULL, 'admin@localhost', '2019-11-29 15:27:19',
        NULL, 'admin@localhost', '2019-12-10 15:08:25', NULL),
       (18, '$2a$10$rmhB.ECPpYskBA.U9eGtH.iTBLlKh7Zd8v9uFrBWeBulVivtQqPLq', 'Bích Hà', '0908859955',
        'ntbichha88@gmail.com', NULL, _binary '', _binary '\0', NULL, NULL, 'admin@localhost', '2019-12-03 12:49:49',
        NULL, 'admin@localhost', '2019-12-18 18:18:47', NULL),
       (19, '$2a$10$1YzoS5RvwZzQWiHtyrWe6OiJyL/YgoM2hXhkiMFljxg3.FiU89qPS', 'fd', '0897898',
        'solemiomattroicuatoi@yahoo.com.vn', NULL, _binary '', _binary '\0', NULL, '98258096076007155385',
        'admin@localhost', '2019-12-04 18:55:05', '2019-12-04 18:55:05', 'admin@localhost', '2019-12-04 18:55:05',
        NULL),
       (20, '$2a$10$BWLjNG3t4miwGX3AAwXt6.3yZEbYrEFv0ozhb1xoteKh2RLxqLKwS', 'fg', '0898987978',
        'solemiomattroicuatoi@yahoo.com.vn22', NULL, _binary '', _binary '', NULL, '58558386351415531863',
        'admin@localhost', '2019-12-04 18:55:27', '2019-12-04 18:55:27', 'admin@localhost', '2019-12-30 15:28:45',
        NULL),
       (21, '$2a$10$UbGZDYQw6iJ6/wAB.HaxQ.eSWlJSvTGPj5KbLJCu8MZgAdFgckVtm', 'Nguyễn', '09714561233',
        'nguyenai240197@gmail.com',
        'avatar/2019/12/10/Ep0BNWEC2L_cach-doi-kich-thuoc-hang-loat-anh-tren-iphone-bang-siri-shortcuts-1.jpg',
        _binary '', _binary '\0', NULL, NULL, 'admin@localhost', '2019-12-06 10:57:44', NULL,
        'nguyenai240197@gmail.com', '2020-01-03 15:35:48', 'OTHER'),
       (22, '$2a$10$V9CvtJder34r9h6FxgoKpuo7OMOsJQyaRby4taHvXnOu8ws.kYunu', 'thứ sáu', '123456789', 'thu6@gmail.com',
        NULL, _binary '', _binary '\0', NULL, '49529713690583392634', 'admin@localhost', '2019-12-06 12:31:05',
        '2019-12-06 12:31:05', 'admin@localhost', '2019-12-06 12:32:09', NULL),
       (23, '$2a$10$06XqBxppmpTnHqP7QxWZj.yUKRQGOvS03lI0nBKAyNaBqBtRAjtC6', 'Nguyễn Ái', '0971916392',
        'usdtiphu@gmail.com', NULL, _binary '', _binary '\0', NULL, '75292598547074428740', 'admin@localhost',
        '2019-12-06 12:42:08', '2019-12-06 12:42:08', 'admin@localhost', '2019-12-10 14:55:43', NULL),
       (24, '$2a$10$zjPC4S3yCTOG4XbuF7JEjuIWRJkAmh3LZBYnuFN4XxlBsnxzsCy9O', 'Nguyễn Văn A', '0741852', 'haha@gmail.com',
        NULL, _binary '', _binary '\0', NULL, '79375653947693302341', 'admin@localhost', '2019-12-10 15:05:24',
        '2019-12-10 15:05:24', 'admin@localhost', '2019-12-10 15:18:03', NULL),
       (25, '$2a$10$XB0t5zFUdCWLdIXdHNQwhesVaSpVmo/Kh5FuPPa5hDimcjzsVZ2qK', 'Văn Caoz', '369852', 'hihi@gmail.com',
        NULL, _binary '', _binary '\0', NULL, '35391129542145010976', 'admin@localhost', '2019-12-10 15:05:59',
        '2019-12-10 15:05:59', 'admin@localhost', '2019-12-11 14:49:41', NULL),
       (26, '$2a$10$t/6YddFDJUF35Ay/VLJNhOuCuerqSxGU8iobuqhVbCD9o44b1zKGG', 'Người dùng test', '0382193806',
        'test@bkav.com', NULL, _binary '', _binary '\0', NULL, '84577310541048130959', 'admin@localhost',
        '2019-12-12 10:04:22', '2019-12-12 10:04:22', 'admin@localhost', '2019-12-12 10:04:22', NULL),
       (27, '$2a$10$yvw2tfusC0ha4KU64oUBm.yP8cNK3icULTSm83bIjtia/.qMPhhhC', 'test', '090989', 'adb@bkav.com', NULL,
        _binary '', _binary '\0', NULL, '74478047313376722926', 'admin@localhost', '2019-12-12 10:06:02',
        '2019-12-12 10:06:02', 'admin@localhost', '2019-12-12 10:06:02', NULL),
       (28, '$2a$10$ULoye7RIA76oqCacD3CbEe6rBlPai9jw7fUWbbJ5i9L2nnNuw94nu', 'Test 11', '0758959585', 'ffjj@gmail.com',
        NULL, _binary '', _binary '', NULL, '98798296539118081231', 'admin@localhost', '2019-12-12 10:08:35',
        '2019-12-12 10:08:35', 'admin@localhost', '2020-01-06 00:48:46', NULL),
       (29, '$2a$10$A2WvumOFyMvmks76yUITqOHg0IuDRwE56RH9X6rV.UBSfz2iuLnaC', 'test5555', '0695884499', 'ttt@gmail.com',
        NULL, _binary '', _binary '\0', NULL, '24926098528945613333', 'admin@localhost', '2019-12-12 10:08:59',
        '2019-12-12 10:08:59', 'admin@localhost', '2019-12-12 10:11:44', NULL),
       (30, '$2a$10$L/3Va5TJzRBcJJfxQsjtHOEr9rbsmbs/VWdwTShs0dEY6tB6zyLvm', '4555', '1234566', 'nguyen1234@gmail.com',
        NULL, _binary '', _binary '\0', NULL, '55770509262670690622', 'admin@localhost', '2019-12-13 16:43:55',
        '2019-12-13 16:43:55', 'admin@localhost', '2019-12-13 16:44:23', NULL),
       (31, '$2a$10$m6wFfAKSKZP5PhjuADiDauTkAiDWLkY3otXLFtYi87GTxvn63yQNS', 'Lan Anh ', '12345789',
        'nguyenlananhvtnb@gmail.com', NULL, _binary '', _binary '\0', NULL, '06187235349539191981', 'admin@localhost',
        '2019-12-13 17:15:55', '2019-12-13 17:15:55', 'admin@localhost', '2019-12-17 16:59:35', NULL),
       (32, '$2a$10$PiR1VeojcMEFVVNhQTktbuXw4ba6MtNtbKd2XKkbvzBFZnOXa9bf2', 'an', '6576783890',
        'nguyenlananhvictory@gmail.com', 'avatar/2020/02/03/xnOid1XLKR_HUY_0505.JPG', _binary '', _binary '\0', NULL,
        NULL, 'admin@localhost', '2019-12-13 17:21:39', NULL, 'admin@localhost', '2020-02-11 09:16:24', 'MALE'),
       (33, '$2a$10$QXv0rH.fNoaduMlyVhAFhuVJ/zMk5xbKY4NF86Jr7oC.y6iO5oj6W', 'heyhey', '+81', 'aloha@gmail.com', NULL,
        _binary '', _binary '\0', NULL, '97108442976850973394', 'admin@localhost', '2019-12-17 14:32:20',
        '2019-12-17 14:32:20', 'admin@localhost', '2019-12-17 14:32:20', NULL),
       (34, '$2a$10$fSZS4VwB/CDPAPtDOLC.1.vMN3MrakynTEq6gw58s6pW4gmmIn5hS', 'Hà Thành', '0912345', 'hanoi@gmail.com',
        NULL, _binary '', _binary '\0', NULL, '40709242250481118311', 'admin@localhost', '2019-12-17 14:32:58',
        '2019-12-17 14:32:58', 'admin@localhost', '2019-12-17 14:32:58', NULL),
       (35, '$2a$10$FRWtze.SxtoQuysQzjqk0.SyIoNOQ0GfmrQTOQdteLamLxKw4fknS', 'nguyen', '756356788', 'nguyen@gmail.com',
        NULL, _binary '', _binary '\0', NULL, '02868608204224241727', 'admin@localhost', '2019-12-17 14:52:35',
        '2019-12-17 14:52:35', 'admin@localhost', '2019-12-18 09:55:03', NULL),
       (36, '$2a$10$iUvpZ7mkLJ1lz0LvHo6MzeiHhTNajgrWvywhNXW8WpazabFbXwTPm', 'fg', '7647647', 'sunkyu94vh@bkav.com',
        NULL, _binary '', _binary '\0', NULL, '24309388115006777787', 'admin@localhost', '2019-12-17 14:54:01',
        '2019-12-17 14:54:01', 'admin@localhost', '2020-01-09 10:16:31', NULL),
       (37, '$2a$10$KQiudBUW/fR0uhTPP8ikQ.ffTwHc.CWz2QjAeXNHw3c0eSd4IE1SG', 'hgjh', '2345-+', 'anh@gmail.com', NULL,
        _binary '', _binary '\0', NULL, '92255632392073788907', 'admin@localhost', '2019-12-17 15:04:18',
        '2019-12-17 15:04:18', 'admin@localhost', '2019-12-17 15:04:18', NULL),
       (38, '$2a$10$00qfztq4yZy/qNpUHAOqmucxVwkMCnedD0E4spjqDhwjt5OGrEGuG', 'an', '543-+848', 'an@gm', NULL,
        _binary '', _binary '\0', NULL, '61757345472215399213', 'admin@localhost', '2019-12-17 15:10:33',
        '2019-12-17 15:10:33', 'admin@localhost', '2019-12-17 15:10:33', NULL),
       (39, '$2a$10$TFw7WAOcC7Sch.OPm5o68OkvsDe6mvAiXlkfKmqu.OLp8iigIav5.', 'hgh', '8979', 'hgfhh@g', NULL, _binary '',
        _binary '', NULL, '96446618369365840900', 'admin@localhost', '2019-12-17 15:35:02', '2019-12-17 15:35:02',
        'admin@localhost', '2020-02-04 10:39:20', NULL),
       (40, '$2a$10$l913K9ssQnDgsg374LpNEOL8tmyJXyrFiGXDgiOsQ/ONLipqCqKkC', 'rt', '5473', 'dfgag@h', NULL, _binary '',
        _binary '\0', NULL, '86010604527858327978', 'admin@localhost', '2019-12-17 15:38:46', '2019-12-17 15:38:46',
        'admin@localhost', '2020-02-10 12:04:03', NULL),
       (41, '$2a$10$tDGf/Ryyg5r1eeNZfLR3S.QYLVwAoNsdQAotb7zw3WTqs0UqPCuEK', 'Nguyễn Thị Bích Hà', '00000',
        'hangtb@bkav.com', NULL, _binary '\0', _binary '\0', NULL, '28509043538027536128', 'admin@localhost',
        '2019-12-18 09:56:09', '2019-12-18 09:56:09', 'admin@localhost', '2019-12-18 11:12:50', NULL),
       (42, '$2a$10$T2YqEt6jowpRka/577i/yepNCBk.Bg.CQKixrjUJRFzHkEk/gd7zK', 'Test', '0123456869', 'test@bkav.com.vn',
        NULL, _binary '', _binary '\0', NULL, '40659570575951570288', 'admin@localhost', '2019-12-18 09:59:38',
        '2019-12-18 09:59:38', 'admin@localhost', '2019-12-18 09:59:38', NULL),
       (43, '$2a$10$564v9vc12WHrvrlm/rcfxOj9etJIGHPIYYvSM7XlW/tabxgsmMAwq', 'Đặng Hiệp', '1235478234',
        'keepmoving11a7@gmail.com', 'avatar/2020/02/06/nEGX16z3k3_1.jpg', _binary '', _binary '\0', NULL, NULL,
        'admin@localhost', '2019-12-18 15:45:10', NULL, 'keepmoving11a7@gmail.com', '2020-02-11 12:31:58', 'FEMALE'),
       (44, '$2a$10$ynlUzTqqrswrmiaTJm3EaOtjD75G78pio1gyYRCAlDtQkDw4c8l2e', 'aaaab', '0384715240',
        'lien12345@gmail.com', NULL, _binary '', _binary '\0', NULL, '09632174413554292039', 'admin@localhost',
        '2019-12-20 10:59:46', '2019-12-20 10:59:46', 'admin@localhost', '2020-01-14 12:19:11', NULL),
       (45, '$2a$10$R0AmZv5f99yZLbxUaWtuBu4e0RxFch0DCLl8IgKh8o8q.SGpbQ/kG', 'hi', '098904289090002340', 'hihi@bkav.com',
        NULL, _binary '', _binary '\0', NULL, '89094104446489061712', 'admin@localhost', '2019-12-24 09:59:04',
        '2019-12-24 09:59:04', 'admin@localhost', '2020-02-04 15:55:21', NULL),
       (46, '$2a$10$uLlCMwryirOyGY3blaANP.mxmp7dBBAMQaVvohLNA5dVYWvDJSHoe', 'an', '345765675656', 'sun@bkav.com', NULL,
        _binary '', _binary '\0', NULL, '43070538650361236398', 'admin@localhost', '2019-12-24 10:07:02',
        '2019-12-24 10:07:02', 'admin@localhost', '2020-01-02 16:46:31', NULL),
       (47, '$2a$10$JBnBH6KYqUHkK9H.dhBh5u.i7ZhmnTG/l1nd4dXXBySOsyFzyboKi', 'Test', '0182939333', 'test1@gmail.com',
        NULL, _binary '', _binary '\0', NULL, '58977061175539979411', 'admin@localhost', '2019-12-30 17:45:46',
        '2019-12-30 17:45:46', 'admin@localhost', '2020-01-09 10:16:25', NULL),
       (48, '$2a$10$jbo8GGwmxx0.Z.WQ8.C0QO5xo.iz2.mW3MtB03cuHFzZVB6XdYHmq', 'Test', '04843593789', 'ef@gmail.com', NULL,
        _binary '\0', _binary '\0', NULL, '91654620753936231113', 'admin@localhost', '2020-01-06 00:49:27',
        '2020-01-06 00:49:27', 'admin@localhost', '2020-02-04 09:44:45', NULL),
       (49, '$2a$10$HKMrIfNYHn2FiOncsGTNxupbVzmL/vzCIMCTR8CMoez01rcafwFfu', 'gfdgf', '0382193806',
        'solemiomattroicuatoi11@yahoo.com', NULL, _binary '', _binary '\0', NULL, '95569738013709626739',
        'admin@localhost', '2020-01-08 18:12:29', '2020-01-08 18:12:29', 'admin@localhost', '2020-02-01 10:06:29',
        NULL),
       (50, '$2a$10$cisw.Jie0wjUdRxOwN9SJe8xGjm56SbOVNRkGElD9EbcVKQmL3.86', 'lananh', '12345678901254654654',
        'nguyenlananh@gmail.com', NULL, _binary '', _binary '\0', NULL, '85804245665557552943', 'admin@localhost',
        '2020-01-14 12:21:58', '2020-01-14 12:21:58', 'admin@localhost', '2020-01-16 11:16:04', NULL),
       (51, '$2a$10$jTB4IIybh7ekWB0Na0.hX.LnAO7s.PapVUGoR0bXGcxtDn9nhgga2', 'fasdf', '5245234597', 'nfasfgoa2@gm', NULL,
        _binary '', _binary '\0', NULL, '98713770988465956807', 'admin@localhost', '2020-01-16 11:02:06',
        '2020-01-16 11:02:06', 'admin@localhost', '2020-01-16 11:02:06', NULL),
       (52, '$2a$10$gsnQ7ZQA5wtqO6TzJIHLLuA9u.0m6qmXiAWolpjgW6KcRD17fUutG', '	fasdf ', '32450293758092375080',
        'nguyenanh@gmail.com', NULL, _binary '', _binary '\0', NULL, '00585246732251438435', 'admin@localhost',
        '2020-01-16 11:26:06', '2020-01-16 11:26:06', 'admin@localhost', '2020-01-16 11:26:06', NULL),
       (53, '$2a$10$isdxCwU2LbTc9dDBb1NBjODxjR5HwKPy3l9ErWF8WlFcEV6dlGwRa', '12', '582374023740', 'nguyen24@gmail.co',
        NULL, _binary '\0', _binary '\0', NULL, '74685982099884011259', 'admin@localhost', '2020-01-16 12:00:28',
        '2020-01-16 12:00:28', 'admin@localhost', '2020-01-16 16:09:10', NULL),
       (54, '$2a$10$lCiLKN0Yn7Z1omTXJfMfYezowFmYcUurY/h68cXd/Xe6T/m0MnUhS', 'urhome', '0886356361',
        'urhome.apartment@gmail.com', NULL, _binary '', _binary '\0', NULL, NULL, 'admin@localhost',
        '2020-01-16 12:41:05', NULL, 'admin@localhost', '2020-02-04 09:44:17', NULL),
       (55, '$2a$10$TfMK8rIzUHx49z5cMKrDuO8C0HkSlzSICoKhRXBkcZuAfSn.XPLr.', 'DucBT', '0987621500',
        'nhokbomql@gmail.com', NULL, _binary '', _binary '\0', NULL, '30969532294323667340', 'admin@localhost',
        '2020-01-21 10:28:47', '2020-01-21 10:28:47', 'admin@localhost', '2020-01-21 10:28:47', NULL),
       (56, '$2a$10$b7Y4rT93z5QRJ3wIECz/SOu1YnMrMg6.mSg/e8pLosFQefPbfMpS.', 'abdc', '5427356878', 'nfadf@gmail.com',
        NULL, _binary '\0', _binary '\0', NULL, '59151862856492593162', 'admin@localhost', '2020-02-04 10:36:52',
        '2020-02-04 10:36:51', 'admin@localhost', '2020-02-11 15:56:42', NULL),
       (58, '$2a$10$TR080sEI2bAi/dS3GPYqnuWHiYb2YsmbJ8qKMJE2US.dcnrp3Vt9O', '    gsdfhh', '3465764776',
        'rgdt@gmail.com', NULL, _binary '', _binary '\0', NULL, '19795529969817634526', 'admin@localhost',
        '2020-02-04 10:37:25', '2020-02-04 10:37:25', 'admin@localhost', '2020-02-11 15:34:13', NULL),
       (59, '$2a$10$kQx.l4r9rrKnlAWHVXCsruyc.rZF.FVQce18W6zQhOKa1hetx6qyC', '    ghshghsf', '683567457585',
        'iuio@gmail.com', NULL, _binary '', _binary '\0', NULL, '62517224007475427386', 'admin@localhost',
        '2020-02-04 10:38:29', '2020-02-04 10:38:29', 'admin@localhost', '2020-02-07 10:40:39', NULL),
       (60, '$2a$10$FVkVDBsPQhFEl5gymhgffOd51gds/WtcrxR2ZByWuoWB4534rejzm', 'fg', '2395830495', 'anh1@gmail.com', NULL,
        _binary '', _binary '\0', NULL, '79815662047278429486', 'admin@localhost', '2020-02-10 12:04:41',
        '2020-02-10 12:04:41', 'admin@localhost', '2020-02-10 12:04:41', NULL),
       (61, '$2a$10$rV1Dmtz31hN/k0xoEVggMuR/Eb0wlisix9hR9uwOhAUxpArjOA13C', 'anh', '2395830495', 'anh2@gmail.com', NULL,
        _binary '', _binary '\0', NULL, '66116636949344195811', 'admin@localhost', '2020-02-10 12:08:07',
        '2020-02-10 12:08:07', 'admin@localhost', '2020-02-10 12:08:07', NULL),
       (62, '$2a$10$FCKj5RI7BdgIjSJBLiwixuBlsNGzse3e588cPccoTlmfyomtELgJ.', 'anh', '2395830495', 'anh45@gmail.com',
        NULL, _binary '', _binary '\0', NULL, '09065658842652158363', 'admin@localhost', '2020-02-10 12:08:47',
        '2020-02-10 12:08:47', 'admin@localhost', '2020-02-10 12:08:47', NULL),
       (63, '$2a$10$TE7os0P0uJVAqXKQY9pSWuK4yWdVbc9sEjy11Kfn1kQ7lx8HiGJM.', 'asdasdasda', '2395830495',
        'test0001@dd.com.vn', NULL, _binary '', _binary '\0', NULL, '74478844033733949088', 'admin@localhost',
        '2020-02-10 12:17:22', '2020-02-10 12:17:22', 'admin@localhost', '2020-02-10 12:17:22', NULL),
       (64, '$2a$10$8McX3AvXroJyiaXILPRBuOOt5eT7M14kbyH4C3NANQHK/zsNzGDU6', 'abc', '1234567890', 'anhan@gmail.com',
        NULL, _binary '', _binary '\0', NULL, '94006910161948797884', 'admin@localhost', '2020-02-10 14:26:09',
        '2020-02-10 14:26:09', 'admin@localhost', '2020-02-10 14:26:09', NULL),
       (65, '$2a$10$QpouEMGcThbb7Nhy5PQmYOFrcOgZTh2nYlSGk8Zp1WwoH70nBk1.G', 'anh', '12345678907', 'anhanh@gmail.com',
        NULL, _binary '', _binary '\0', NULL, '47616689823906267779', 'admin@localhost', '2020-02-10 14:27:22',
        '2020-02-10 14:27:22', 'admin@localhost', '2020-02-10 14:27:22', NULL),
       (66, '$2a$10$Gu9v5Von8mJG1I82Es8yxOozKBEPuFLx/HtiH2qA7UjqOhFNV2YBq', 'anan', '12345678900',
        'huongduong1@gmail.com', NULL, _binary '', _binary '\0', NULL, '03782339001498016054', 'admin@localhost',
        '2020-02-10 14:29:38', '2020-02-10 14:29:38', 'admin@localhost', '2020-02-10 14:29:38', NULL),
       (67, '$2a$10$gSHE.hqOw2sl/udQvK3Ru.JrxBhjgraYpbwy.TWCBXCCfrAOi/F.K', 'true', '12348900--', 'anh7@gmail.com',
        NULL, _binary '', _binary '\0', NULL, '37106909648462371196', 'admin@localhost', '2020-02-10 14:31:16',
        '2020-02-10 14:31:16', 'admin@localhost', '2020-02-10 14:31:16', NULL),
       (68, '$2a$10$lISnkM/8ZF0YwDhsaGLgk.7SwTr52Z2J0MGEQOc4DAYBTlffBIwkq', 'quetui', '123456789-',
        'quehuong@gmail.com', NULL, _binary '', _binary '\0', NULL, '06846804785216813846', 'admin@localhost',
        '2020-02-10 14:34:15', '2020-02-10 14:34:15', 'admin@localhost', '2020-02-10 14:34:15', NULL),
       (69, '$2a$10$L6tpsygZP1tD8Fl0RbQV2.5XBN6NI/T3N7EozjkXfMyoI7dQ555a2', 'an', '123456789000', 'hoahoi@gmail.vn',
        NULL, _binary '', _binary '\0', NULL, '81409889916237666813', 'admin@localhost', '2020-02-10 14:35:54',
        '2020-02-10 14:35:54', 'admin@localhost', '2020-02-10 14:35:54', NULL),
       (70, '$2a$10$iZ3xa3.5BGRxOpzS12aIDOBFVPcKYM3WGHYRLGc4Wpcm2nwiZ40C.', 'hoahoe', '1111111111', 'hoahoe@gmail.com',
        NULL, _binary '', _binary '\0', NULL, '49230285472569491574', 'admin@localhost', '2020-02-10 14:36:59',
        '2020-02-10 14:36:59', 'admin@localhost', '2020-02-10 14:36:59', NULL),
       (71, '$2a$10$TefyIpdlEs2eyArXHv8DPOv5th36S.sNFurLFfOGyDpjr5QByQG.a', 'rosemary', '11111111111',
        'rosemary@gmail.com', NULL, _binary '', _binary '\0', NULL, '27439647948058406033', 'admin@localhost',
        '2020-02-10 16:35:30', '2020-02-10 16:35:30', 'admin@localhost', '2020-02-10 16:35:30', NULL),
       (72, '$2a$10$z4QafOQ.Fc0P2QFGjHdeauQ2mJ1OIxwOL/lsAK6P3Fo9WtaSrP7XC', 'rose', '111111111123', 'rose@gmail.com',
        NULL, _binary '', _binary '\0', NULL, '63070201536445662748', 'admin@localhost', '2020-02-10 16:36:16',
        '2020-02-10 16:36:16', 'admin@localhost', '2020-02-10 17:28:02', NULL),
       (73, '$2a$10$L4.R1Cqp0PTRA1i.oRNyo.QTHXYYmhFK7gPR0QcX4cUXfmu1vcuSa', 'a', '49285247900', 'hkljl@gmail.com', NULL,
        _binary '', _binary '\0', NULL, '61197873097078593490', 'admin@localhost', '2020-02-10 17:18:31',
        '2020-02-10 17:18:31', 'admin@localhost', '2020-02-11 17:57:07', NULL),
       (74, '$2a$10$VCpc3WBiZLrubGK1OtJGZeANANsYk2O1XjjG0C0f1sQmD78XddTR6', 'Anh', '1234567890782', 'anhem@gmail.com',
        NULL, _binary '', _binary '\0', NULL, '71403892448935973752', 'admin@localhost', '2020-02-11 16:29:04',
        '2020-02-11 16:29:04', 'admin@localhost', '2020-02-11 16:29:04', NULL);
/*!40000 ALTER TABLE `user` ENABLE KEYS */;
UNLOCK
TABLES;

--
-- Table structure for table `user_group`
--

DROP TABLE IF EXISTS `user_group`;
/*!40101 SET @saved_cs_client     = @@character_set_client */;
/*!40101 SET character_set_client = utf8 */;
CREATE TABLE `user_group`
(
    `group_id` bigint(20) NOT NULL,
    `user_id`  bigint(20) NOT NULL,
    PRIMARY KEY (`user_id`, `group_id`),
    KEY        `FK71ue7uuqo0neoodkx7smf7e3o` (`group_id`),
    CONSTRAINT `FK1c1dsw3q36679vaiqwvtv36a6` FOREIGN KEY (`user_id`) REFERENCES `user` (`id`),
    CONSTRAINT `FK71ue7uuqo0neoodkx7smf7e3o` FOREIGN KEY (`group_id`) REFERENCES `group` (`id`)
) ENGINE=InnoDB DEFAULT CHARSET=utf8mb4 COLLATE=utf8mb4_unicode_ci;
/*!40101 SET character_set_client = @saved_cs_client */;

--
-- Dumping data for table `user_group`
--

LOCK
TABLES `user_group` WRITE;
/*!40000 ALTER TABLE `user_group` DISABLE KEYS */;
INSERT INTO `user_group`
VALUES (1, 1),
       (1, 3),
       (1, 5),
       (1, 6),
       (1, 7),
       (1, 9),
       (1, 10),
       (1, 19),
       (1, 25),
       (1, 30),
       (1, 37),
       (1, 44),
       (1, 45),
       (1, 50),
       (1, 51),
       (1, 55),
       (1, 56),
       (1, 63),
       (1, 67),
       (1, 68),
       (1, 69),
       (1, 70),
       (1, 74),
       (2, 4),
       (2, 11),
       (2, 13),
       (2, 14),
       (2, 20),
       (2, 21),
       (2, 22),
       (2, 23),
       (2, 28),
       (2, 29),
       (2, 31),
       (2, 32),
       (2, 33),
       (2, 34),
       (2, 36),
       (2, 39),
       (2, 40),
       (2, 41),
       (2, 42),
       (2, 46),
       (2, 47),
       (2, 52),
       (2, 58),
       (2, 59),
       (2, 60),
       (2, 61),
       (2, 62),
       (2, 64),
       (2, 65),
       (2, 66),
       (2, 71),
       (2, 73),
       (3, 8),
       (3, 12),
       (3, 15),
       (3, 16),
       (3, 17),
       (3, 18),
       (3, 24),
       (3, 26),
       (3, 27),
       (3, 35),
       (3, 38),
       (3, 43),
       (3, 48),
       (3, 49),
       (3, 53),
       (3, 54),
       (3, 72);
/*!40000 ALTER TABLE `user_group` ENABLE KEYS */;
UNLOCK
TABLES;

--
-- Table structure for table `user_history`
--

DROP TABLE IF EXISTS `user_history`;
/*!40101 SET @saved_cs_client     = @@character_set_client */;
/*!40101 SET character_set_client = utf8 */;
CREATE TABLE `user_history`
(
    `id`                 bigint(20) NOT NULL AUTO_INCREMENT,
    `created_by`         varchar(50) COLLATE utf8mb4_unicode_ci  NOT NULL,
    `created_date`       datetime                               DEFAULT NULL,
    `last_modified_by`   varchar(50) COLLATE utf8mb4_unicode_ci DEFAULT NULL,
    `last_modified_date` datetime                               DEFAULT NULL,
    `description`        varchar(255) COLLATE utf8mb4_unicode_ci NOT NULL,
    `author_id`          bigint(20) NOT NULL,
    `user_id`            bigint(20) NOT NULL,
    PRIMARY KEY (`id`),
    KEY                  `FKducj6pmr9xdltr2tldx97xs0y` (`author_id`),
    KEY                  `FKaa6ilb6iqih95bntoeyysb2pc` (`user_id`),
    CONSTRAINT `FKaa6ilb6iqih95bntoeyysb2pc` FOREIGN KEY (`user_id`) REFERENCES `user` (`id`),
    CONSTRAINT `FKducj6pmr9xdltr2tldx97xs0y` FOREIGN KEY (`author_id`) REFERENCES `user` (`id`)
) ENGINE=InnoDB AUTO_INCREMENT=396 DEFAULT CHARSET=utf8mb4 COLLATE=utf8mb4_unicode_ci;
/*!40101 SET character_set_client = @saved_cs_client */;

--
-- Dumping data for table `user_history`
--

LOCK
TABLES `user_history` WRITE;
/*!40000 ALTER TABLE `user_history` DISABLE KEYS */;
INSERT INTO `user_history`
VALUES (1, 'admin@localhost', '2019-11-19 09:04:09', 'admin@localhost', '2019-11-19 09:04:09', 'Thêm mới người dùng', 3,
        5),
       (2, 'admin@localhost', '2019-11-19 09:04:27', 'admin@localhost', '2019-11-19 09:04:27', 'Cập nhật người dùng', 3,
        5),
       (3, 'admin@localhost', '2019-11-19 09:15:55', 'admin@localhost', '2019-11-19 09:15:55', 'Cập nhật người dùng', 3,
        5),
       (4, 'admin@localhost', '2019-11-19 09:16:21', 'admin@localhost', '2019-11-19 09:16:21', 'Xóa người dùng', 3, 5),
       (5, 'admin@localhost', '2019-11-19 09:17:50', 'admin@localhost', '2019-11-19 09:17:50', 'Khôi phục người dùng',
        3, 5),
       (6, 'admin@localhost', '2019-11-19 09:17:54', 'admin@localhost', '2019-11-19 09:17:54', 'Xóa người dùng', 3, 5),
       (7, 'admin@localhost', '2019-11-19 09:23:17', 'admin@localhost', '2019-11-19 09:23:17', 'Thêm mới người dùng', 3,
        6),
       (8, 'admin@localhost', '2019-11-19 09:28:38', 'admin@localhost', '2019-11-19 09:28:38', 'Thêm mới người dùng', 3,
        7),
       (9, 'admin@localhost', '2019-11-19 10:22:56', 'admin@localhost', '2019-11-19 10:22:56', 'Thêm mới người dùng', 3,
        8),
       (10, 'admin@localhost', '2019-11-19 10:24:18', 'admin@localhost', '2019-11-19 10:24:18', 'Cập nhật người dùng',
        3, 3),
       (11, 'admin@localhost', '2019-11-19 10:24:21', 'admin@localhost', '2019-11-19 10:24:21', 'Cập nhật người dùng',
        3, 3),
       (12, 'admin@localhost', '2019-11-19 10:27:36', 'admin@localhost', '2019-11-19 10:27:36', 'Thêm mới người dùng',
        3, 9),
       (13, 'admin@localhost', '2019-11-20 02:25:32', 'admin@localhost', '2019-11-20 02:25:32', 'Xóa người dùng', 3, 9),
       (14, 'admin@localhost', '2019-11-20 02:43:43', 'admin@localhost', '2019-11-20 02:43:43', 'Thêm mới người dùng',
        3, 10),
       (15, 'admin@localhost', '2019-11-20 06:51:55', 'admin@localhost', '2019-11-20 06:51:55', 'Thêm mới người dùng',
        3, 11),
       (16, 'admin@localhost', '2019-11-20 06:55:38', 'admin@localhost', '2019-11-20 06:55:38', 'Thêm mới người dùng',
        3, 12),
       (17, 'admin@localhost', '2019-11-20 07:37:30', 'admin@localhost', '2019-11-20 07:37:30', 'Cập nhật người dùng',
        3, 12),
       (18, 'admin@localhost', '2019-11-20 07:37:48', 'admin@localhost', '2019-11-20 07:37:48', 'Khôi phục người dùng',
        3, 9),
       (19, 'admin@localhost', '2019-11-20 07:38:08', 'admin@localhost', '2019-11-20 07:38:08', 'Xóa người dùng', 3, 9),
       (20, 'admin@localhost', '2019-11-20 09:27:11', 'admin@localhost', '2019-11-20 09:27:11', 'Cập nhật người dùng',
        3, 11),
       (21, 'kemchanh211297@gmail.com', '2019-11-20 09:28:41', 'kemchanh211297@gmail.com', '2019-11-20 09:28:41',
        'Cập nhật người dùng', 11, 11),
       (22, 'kemchanh211297@gmail.com', '2019-11-20 09:39:13', 'kemchanh211297@gmail.com', '2019-11-20 09:39:13',
        'Cập nhật người dùng', 11, 11),
       (23, 'kemchanh211297@gmail.com', '2019-11-20 09:40:43', 'kemchanh211297@gmail.com', '2019-11-20 09:40:43',
        'Cập nhật người dùng', 11, 11),
       (24, 'admin@localhost', '2019-11-21 06:44:08', 'admin@localhost', '2019-11-21 06:44:08', 'Khôi phục người dùng',
        3, 9),
       (25, 'admin@localhost', '2019-11-21 09:35:48', 'admin@localhost', '2019-11-21 09:35:48', 'Cập nhật người dùng',
        3, 12),
       (26, 'admin@localhost', '2019-11-21 09:36:04', 'admin@localhost', '2019-11-21 09:36:04', 'Xóa người dùng', 3,
        12),
       (27, 'admin@localhost', '2019-11-21 09:36:07', 'admin@localhost', '2019-11-21 09:36:07', 'Khôi phục người dùng',
        3, 12),
       (28, 'admin@localhost', '2019-11-21 09:37:18', 'admin@localhost', '2019-11-21 09:37:18', 'Thêm mới người dùng',
        3, 13),
       (29, 'admin@localhost', '2019-11-21 10:03:54', 'admin@localhost', '2019-11-21 10:03:54', 'Cập nhật người dùng',
        3, 3),
       (30, 'admin@localhost', '2019-11-21 10:04:24', 'admin@localhost', '2019-11-21 10:04:24', 'Cập nhật người dùng',
        3, 3),
       (31, 'admin@localhost', '2019-11-21 10:06:07', 'admin@localhost', '2019-11-21 10:06:07', 'Cập nhật người dùng',
        3, 3),
       (32, 'admin@localhost', '2019-11-21 10:06:26', 'admin@localhost', '2019-11-21 10:06:26', 'Cập nhật người dùng',
        3, 3),
       (33, 'admin@localhost', '2019-11-21 10:06:33', 'admin@localhost', '2019-11-21 10:06:33', 'Cập nhật người dùng',
        3, 3),
       (34, 'admin@localhost', '2019-11-22 09:59:41', 'admin@localhost', '2019-11-22 09:59:41', 'Xóa người dùng', 3,
        13),
       (35, 'admin@localhost', '2019-11-22 09:59:49', 'admin@localhost', '2019-11-22 09:59:49', 'Khôi phục người dùng',
        3, 13),
       (36, 'admin@localhost', '2019-11-27 06:57:50', 'admin@localhost', '2019-11-27 06:57:50', 'Thêm mới người dùng',
        3, 14),
       (37, 'admin@localhost', '2019-11-27 07:00:35', 'admin@localhost', '2019-11-27 07:00:35', 'Cập nhật người dùng',
        3, 14),
       (38, 'admin@localhost', '2019-11-27 08:16:06', 'admin@localhost', '2019-11-27 08:16:06', 'Cập nhật người dùng',
        3, 11),
       (39, 'kemchanh211297@gmail.com', '2019-11-27 09:21:26', 'kemchanh211297@gmail.com', '2019-11-27 09:21:26',
        'Cập nhật người dùng', 11, 11),
       (40, 'admin@localhost', '2019-11-28 02:54:02', 'admin@localhost', '2019-11-28 02:54:02', 'Thêm mới người dùng',
        3, 15),
       (41, 'kemchanh211297@gmail.com', '2019-11-28 10:10:01', 'kemchanh211297@gmail.com', '2019-11-28 10:10:01',
        'Cập nhật người dùng', 11, 11),
       (42, 'kemchanh211297@gmail.com', '2019-11-28 10:10:14', 'kemchanh211297@gmail.com', '2019-11-28 10:10:14',
        'Cập nhật người dùng', 11, 11),
       (43, 'kemchanh211297@gmail.com', '2019-11-28 10:10:28', 'kemchanh211297@gmail.com', '2019-11-28 10:10:28',
        'Cập nhật người dùng', 11, 11),
       (44, 'kemchanh211297@gmail.com', '2019-11-28 10:10:42', 'kemchanh211297@gmail.com', '2019-11-28 10:10:42',
        'Cập nhật người dùng', 11, 11),
       (45, 'kemchanh211297@gmail.com', '2019-11-28 10:10:44', 'kemchanh211297@gmail.com', '2019-11-28 10:10:44',
        'Cập nhật người dùng', 11, 11),
       (46, 'kemchanh211297@gmail.com', '2019-11-28 10:10:47', 'kemchanh211297@gmail.com', '2019-11-28 10:10:47',
        'Cập nhật người dùng', 11, 11),
       (47, 'kemchanh211297@gmail.com', '2019-11-28 10:15:01', 'kemchanh211297@gmail.com', '2019-11-28 10:15:01',
        'Cập nhật người dùng', 11, 11),
       (48, 'admin@localhost', '2019-11-29 02:27:13', 'admin@localhost', '2019-11-29 02:27:13', 'Thêm mới người dùng',
        3, 16),
       (49, 'admin@localhost', '2019-11-29 02:28:57', 'admin@localhost', '2019-11-29 02:28:57', 'Xóa người dùng', 3,
        16),
       (50, 'admin@localhost', '2019-11-29 02:29:05', 'admin@localhost', '2019-11-29 02:29:05', 'Khôi phục người dùng',
        3, 16),
       (51, 'admin@localhost', '2019-11-29 07:27:19', 'admin@localhost', '2019-11-29 07:27:19', 'Thêm mới người dùng',
        3, 17),
       (52, 'admin@localhost', '2019-12-02 01:49:25', 'admin@localhost', '2019-12-02 01:49:25', 'Xóa người dùng', 3,
        16),
       (53, 'admin@localhost', '2019-12-02 01:50:19', 'admin@localhost', '2019-12-02 01:50:19', 'Khôi phục người dùng',
        3, 16),
       (54, 'kemchanh211297@gmail.com', '2019-12-02 09:17:41', 'kemchanh211297@gmail.com', '2019-12-02 09:17:41',
        'Cập nhật người dùng', 11, 11),
       (55, 'kemchanh211297@gmail.com', '2019-12-02 09:17:43', 'kemchanh211297@gmail.com', '2019-12-02 09:17:43',
        'Cập nhật người dùng', 11, 11),
       (56, 'admin@localhost', '2019-12-03 03:17:28', 'admin@localhost', '2019-12-03 03:17:28', 'Cập nhật người dùng',
        3, 17),
       (57, 'admin@localhost', '2019-12-03 04:24:08', 'admin@localhost', '2019-12-03 04:24:08', 'Cập nhật người dùng',
        3, 3),
       (58, 'admin@localhost', '2019-12-03 04:29:25', 'admin@localhost', '2019-12-03 04:29:25', 'Cập nhật người dùng',
        3, 3),
       (59, 'admin@localhost', '2019-12-03 04:29:52', 'admin@localhost', '2019-12-03 04:29:52', 'Cập nhật người dùng',
        3, 3),
       (60, 'admin@localhost', '2019-12-03 04:31:15', 'admin@localhost', '2019-12-03 04:31:15', 'Cập nhật người dùng',
        3, 3),
       (61, 'admin@localhost', '2019-12-03 04:31:16', 'admin@localhost', '2019-12-03 04:31:16', 'Cập nhật người dùng',
        3, 3),
       (62, 'admin@localhost', '2019-12-03 04:47:21', 'admin@localhost', '2019-12-03 04:47:21', 'Khôi phục người dùng',
        3, 5),
       (63, 'admin@localhost', '2019-12-03 04:48:09', 'admin@localhost', '2019-12-03 04:48:09', 'Cập nhật người dùng',
        3, 14),
       (64, 'admin@localhost', '2019-12-03 04:48:36', 'admin@localhost', '2019-12-03 04:48:36', 'Xóa người dùng', 3,
        14),
       (65, 'admin@localhost', '2019-12-03 04:48:40', 'admin@localhost', '2019-12-03 04:48:40', 'Khôi phục người dùng',
        3, 14),
       (66, 'admin@localhost', '2019-12-03 04:49:49', 'admin@localhost', '2019-12-03 04:49:49', 'Thêm mới người dùng',
        3, 18),
       (67, 'admin@localhost', '2019-12-03 10:02:54', 'admin@localhost', '2019-12-03 10:02:54', 'Cập nhật người dùng',
        3, 14),
       (68, 'admin@localhost', '2019-12-04 02:09:27', 'admin@localhost', '2019-12-04 02:09:27', 'Cập nhật người dùng',
        3, 3),
       (69, 'admin@localhost', '2019-12-04 02:09:48', 'admin@localhost', '2019-12-04 02:09:48', 'Cập nhật người dùng',
        3, 3),
       (70, 'admin@localhost', '2019-12-04 02:18:19', 'admin@localhost', '2019-12-04 02:18:19', 'Cập nhật người dùng',
        3, 3),
       (71, 'admin@localhost', '2019-12-04 02:18:22', 'admin@localhost', '2019-12-04 02:18:22', 'Cập nhật người dùng',
        3, 3),
       (72, 'admin@localhost', '2019-12-04 02:18:26', 'admin@localhost', '2019-12-04 02:18:26', 'Cập nhật người dùng',
        3, 3),
       (73, 'kemchanh211297@gmail.com', '2019-12-04 04:48:19', 'kemchanh211297@gmail.com', '2019-12-04 04:48:19',
        'Cập nhật người dùng', 11, 11),
       (74, 'admin@localhost', '2019-12-04 04:50:09', 'admin@localhost', '2019-12-04 04:50:09', 'Cập nhật người dùng',
        3, 3),
       (75, 'admin@localhost', '2019-12-04 10:54:18', 'admin@localhost', '2019-12-04 10:54:18', 'Cập nhật người dùng',
        3, 3),
       (76, 'admin@localhost', '2019-12-04 10:55:05', 'admin@localhost', '2019-12-04 10:55:05', 'Thêm mới người dùng',
        3, 19),
       (77, 'admin@localhost', '2019-12-04 10:55:27', 'admin@localhost', '2019-12-04 10:55:27', 'Thêm mới người dùng',
        3, 20),
       (78, 'admin@localhost', '2019-12-06 02:22:05', 'admin@localhost', '2019-12-06 02:22:05', 'Xóa người dùng', 3,
        18),
       (79, 'admin@localhost', '2019-12-06 02:57:44', 'admin@localhost', '2019-12-06 02:57:44', 'Thêm mới người dùng',
        3, 21),
       (80, 'admin@localhost', '2019-12-06 03:08:19', 'admin@localhost', '2019-12-06 03:08:19', 'Khôi phục người dùng',
        3, 18),
       (81, 'admin@localhost', '2019-12-06 03:08:23', 'admin@localhost', '2019-12-06 03:08:23', 'Cập nhật người dùng',
        3, 18),
       (82, 'admin@localhost', '2019-12-06 03:40:03', 'admin@localhost', '2019-12-06 03:40:03', 'Xóa người dùng', 3,
        14),
       (83, 'admin@localhost', '2019-12-06 04:26:49', 'admin@localhost', '2019-12-06 04:26:49', 'Cập nhật người dùng',
        3, 3),
       (84, 'admin@localhost', '2019-12-06 04:27:09', 'admin@localhost', '2019-12-06 04:27:09', 'Cập nhật người dùng',
        3, 3),
       (85, 'admin@localhost', '2019-12-06 04:27:13', 'admin@localhost', '2019-12-06 04:27:13', 'Cập nhật người dùng',
        3, 3),
       (86, 'admin@localhost', '2019-12-06 04:31:05', 'admin@localhost', '2019-12-06 04:31:05', 'Thêm mới người dùng',
        3, 22),
       (87, 'admin@localhost', '2019-12-06 04:31:33', 'admin@localhost', '2019-12-06 04:31:33', 'Cập nhật người dùng',
        3, 22),
       (88, 'admin@localhost', '2019-12-06 04:31:39', 'admin@localhost', '2019-12-06 04:31:39', 'Cập nhật người dùng',
        3, 22),
       (89, 'admin@localhost', '2019-12-06 04:31:42', 'admin@localhost', '2019-12-06 04:31:42', 'Cập nhật người dùng',
        3, 22),
       (90, 'admin@localhost', '2019-12-06 04:31:59', 'admin@localhost', '2019-12-06 04:31:59', 'Xóa người dùng', 3,
        22),
       (91, 'admin@localhost', '2019-12-06 04:32:09', 'admin@localhost', '2019-12-06 04:32:09', 'Khôi phục người dùng',
        3, 22),
       (92, 'admin@localhost', '2019-12-06 04:42:08', 'admin@localhost', '2019-12-06 04:42:08', 'Thêm mới người dùng',
        3, 23),
       (93, 'admin@localhost', '2019-12-06 07:39:58', 'admin@localhost', '2019-12-06 07:39:58', 'Xóa người dùng', 3,
        16),
       (94, 'admin@localhost', '2019-12-06 07:41:19', 'admin@localhost', '2019-12-06 07:41:19', 'Cập nhật người dùng',
        3, 3),
       (95, 'admin@localhost', '2019-12-06 07:42:59', 'admin@localhost', '2019-12-06 07:42:59', 'Cập nhật người dùng',
        3, 3),
       (96, 'kemchanh211297@gmail.com', '2019-12-09 10:16:06', 'kemchanh211297@gmail.com', '2019-12-09 10:16:06',
        'Cập nhật người dùng', 11, 11),
       (97, 'admin@localhost', '2019-12-10 06:44:02', 'admin@localhost', '2019-12-10 06:44:02', 'Cập nhật người dùng',
        3, 11),
       (98, 'kemchanh211297@gmail.com', '2019-12-10 06:45:08', 'kemchanh211297@gmail.com', '2019-12-10 06:45:08',
        'Cập nhật người dùng', 11, 11),
       (99, 'kemchanh211297@gmail.com', '2019-12-10 06:45:20', 'kemchanh211297@gmail.com', '2019-12-10 06:45:20',
        'Cập nhật người dùng', 11, 11),
       (100, 'kemchanh211297@gmail.com', '2019-12-10 06:45:25', 'kemchanh211297@gmail.com', '2019-12-10 06:45:25',
        'Cập nhật người dùng', 11, 11),
       (101, 'admin@localhost', '2019-12-10 06:47:27', 'admin@localhost', '2019-12-10 06:47:27', 'Cập nhật người dùng',
        3, 11),
       (102, 'admin@localhost', '2019-12-10 06:51:36', 'admin@localhost', '2019-12-10 06:51:36', 'Cập nhật người dùng',
        3, 11),
       (103, 'admin@localhost', '2019-12-10 06:55:40', 'admin@localhost', '2019-12-10 06:55:40', 'Xóa người dùng', 3,
        23),
       (104, 'admin@localhost', '2019-12-10 06:55:43', 'admin@localhost', '2019-12-10 06:55:43', 'Khôi phục người dùng',
        3, 23),
       (105, 'admin@localhost', '2019-12-10 07:05:24', 'admin@localhost', '2019-12-10 07:05:24', 'Thêm mới người dùng',
        3, 24),
       (106, 'admin@localhost', '2019-12-10 07:05:59', 'admin@localhost', '2019-12-10 07:05:59', 'Thêm mới người dùng',
        3, 25),
       (107, 'admin@localhost', '2019-12-10 07:08:17', 'admin@localhost', '2019-12-10 07:08:17', 'Xóa người dùng', 3,
        25),
       (108, 'admin@localhost', '2019-12-10 07:08:25', 'admin@localhost', '2019-12-10 07:08:25', 'Cập nhật người dùng',
        3, 17),
       (109, 'admin@localhost', '2019-12-10 07:16:25', 'admin@localhost', '2019-12-10 07:16:25', 'Cập nhật người dùng',
        3, 11),
       (110, 'admin@localhost', '2019-12-10 07:18:03', 'admin@localhost', '2019-12-10 07:18:03', 'Cập nhật người dùng',
        3, 24),
       (111, 'admin@localhost', '2019-12-10 07:23:35', 'admin@localhost', '2019-12-10 07:23:35', 'Cập nhật người dùng',
        3, 11),
       (112, 'admin@localhost', '2019-12-10 07:31:31', 'admin@localhost', '2019-12-10 07:31:31', 'Cập nhật người dùng',
        3, 11),
       (113, 'admin@localhost', '2019-12-10 07:44:23', 'admin@localhost', '2019-12-10 07:44:23', 'Cập nhật người dùng',
        3, 11),
       (114, 'kemchanh211297@gmail.com', '2019-12-10 09:58:32', 'kemchanh211297@gmail.com', '2019-12-10 09:58:32',
        'Cập nhật người dùng', 11, 11),
       (115, 'kemchanh211297@gmail.com', '2019-12-10 09:58:43', 'kemchanh211297@gmail.com', '2019-12-10 09:58:43',
        'Cập nhật người dùng', 11, 11),
       (116, 'admin@localhost', '2019-12-10 10:03:12', 'admin@localhost', '2019-12-10 10:03:12', 'Cập nhật người dùng',
        3, 11),
       (117, 'admin@localhost', '2019-12-10 10:06:40', 'admin@localhost', '2019-12-10 10:06:40', 'Cập nhật người dùng',
        3, 11),
       (118, 'admin@localhost', '2019-12-11 06:26:01', 'admin@localhost', '2019-12-11 06:26:01', 'Khôi phục người dùng',
        3, 25),
       (119, 'admin@localhost', '2019-12-11 06:49:41', 'admin@localhost', '2019-12-11 06:49:41', 'Cập nhật người dùng',
        3, 25),
       (120, 'admin@localhost', '2019-12-11 07:55:53', 'admin@localhost', '2019-12-11 07:55:53', 'Cập nhật người dùng',
        3, 3),
       (121, 'nguyenai240197@gmail.com', '2019-12-11 07:58:37', 'nguyenai240197@gmail.com', '2019-12-11 07:58:37',
        'Cập nhật người dùng', 21, 21),
       (122, 'admin@localhost', '2019-12-11 08:00:52', 'admin@localhost', '2019-12-11 08:00:52', 'Cập nhật người dùng',
        3, 21),
       (123, 'admin@localhost', '2019-12-11 09:28:30', 'admin@localhost', '2019-12-11 09:28:30', 'Cập nhật người dùng',
        3, 11),
       (124, 'kemchanh211297@gmail.com', '2019-12-11 09:33:07', 'kemchanh211297@gmail.com', '2019-12-11 09:33:07',
        'Cập nhật người dùng', 11, 11),
       (125, 'admin@localhost', '2019-12-11 09:41:53', 'admin@localhost', '2019-12-11 09:41:53', 'Cập nhật người dùng',
        3, 11),
       (126, 'admin@localhost', '2019-12-11 09:44:59', 'admin@localhost', '2019-12-11 09:44:59', 'Cập nhật người dùng',
        3, 11),
       (127, 'admin@localhost', '2019-12-11 09:50:31', 'admin@localhost', '2019-12-11 09:50:31', 'Cập nhật người dùng',
        3, 11),
       (128, 'admin@localhost', '2019-12-11 10:00:01', 'admin@localhost', '2019-12-11 10:00:01', 'Cập nhật người dùng',
        3, 11),
       (129, 'admin@localhost', '2019-12-11 10:37:56', 'admin@localhost', '2019-12-11 10:37:56', 'Cập nhật người dùng',
        3, 11),
       (130, 'admin@localhost', '2019-12-12 02:04:22', 'admin@localhost', '2019-12-12 02:04:22', 'Thêm mới người dùng',
        3, 26),
       (131, 'admin@localhost', '2019-12-12 02:06:02', 'admin@localhost', '2019-12-12 02:06:02', 'Thêm mới người dùng',
        3, 27),
       (132, 'admin@localhost', '2019-12-12 02:08:35', 'admin@localhost', '2019-12-12 02:08:35', 'Thêm mới người dùng',
        3, 28),
       (133, 'admin@localhost', '2019-12-12 02:08:59', 'admin@localhost', '2019-12-12 02:08:59', 'Thêm mới người dùng',
        3, 29),
       (134, 'admin@localhost', '2019-12-12 02:09:17', 'admin@localhost', '2019-12-12 02:09:17', 'Xóa người dùng', 3,
        29),
       (135, 'admin@localhost', '2019-12-12 02:09:26', 'admin@localhost', '2019-12-12 02:09:26', 'Khôi phục người dùng',
        3, 29),
       (136, 'admin@localhost', '2019-12-12 02:09:32', 'admin@localhost', '2019-12-12 02:09:32', 'Xóa người dùng', 3,
        29),
       (137, 'admin@localhost', '2019-12-12 02:11:25', 'admin@localhost', '2019-12-12 02:11:25', 'Khôi phục người dùng',
        3, 29),
       (138, 'admin@localhost', '2019-12-12 02:11:44', 'admin@localhost', '2019-12-12 02:11:44', 'Cập nhật người dùng',
        3, 29),
       (139, 'admin@localhost', '2019-12-12 02:12:47', 'admin@localhost', '2019-12-12 02:12:47', 'Cập nhật người dùng',
        3, 28),
       (140, 'admin@localhost', '2019-12-12 06:49:37', 'admin@localhost', '2019-12-12 06:49:37', 'Cập nhật người dùng',
        3, 3),
       (141, 'admin@localhost', '2019-12-12 06:49:51', 'admin@localhost', '2019-12-12 06:49:51', 'Cập nhật người dùng',
        3, 3),
       (142, 'admin@localhost', '2019-12-12 07:28:55', 'admin@localhost', '2019-12-12 07:28:55', 'Cập nhật người dùng',
        3, 11),
       (143, 'admin@localhost', '2019-12-12 08:01:18', 'admin@localhost', '2019-12-12 08:01:18', 'Cập nhật người dùng',
        3, 11),
       (144, 'admin@localhost', '2019-12-13 03:42:13', 'admin@localhost', '2019-12-13 03:42:13', 'Cập nhật người dùng',
        3, 9),
       (145, 'admin@localhost', '2019-12-13 08:43:55', 'admin@localhost', '2019-12-13 08:43:55', 'Thêm mới người dùng',
        3, 30),
       (146, 'admin@localhost', '2019-12-13 08:44:23', 'admin@localhost', '2019-12-13 08:44:23', 'Cập nhật người dùng',
        3, 30),
       (147, 'admin@localhost', '2019-12-13 09:15:55', 'admin@localhost', '2019-12-13 09:15:55', 'Thêm mới người dùng',
        3, 31),
       (148, 'admin@localhost', '2019-12-13 09:21:39', 'admin@localhost', '2019-12-13 09:21:39', 'Thêm mới người dùng',
        3, 32),
       (149, 'admin@localhost', '2019-12-13 09:28:02', 'admin@localhost', '2019-12-13 09:28:02', 'Xóa người dùng', 3,
        31),
       (150, 'admin@localhost', '2019-12-17 06:30:09', 'admin@localhost', '2019-12-17 06:30:09', 'Khôi phục người dùng',
        3, 31),
       (151, 'admin@localhost', '2019-12-17 06:30:13', 'admin@localhost', '2019-12-17 06:30:13', 'Xóa người dùng', 3,
        31),
       (152, 'admin@localhost', '2019-12-17 06:32:20', 'admin@localhost', '2019-12-17 06:32:20', 'Thêm mới người dùng',
        3, 33),
       (153, 'admin@localhost', '2019-12-17 06:32:58', 'admin@localhost', '2019-12-17 06:32:58', 'Thêm mới người dùng',
        3, 34),
       (154, 'admin@localhost', '2019-12-17 06:52:35', 'admin@localhost', '2019-12-17 06:52:35', 'Thêm mới người dùng',
        3, 35),
       (155, 'admin@localhost', '2019-12-17 06:53:39', 'admin@localhost', '2019-12-17 06:53:39', 'Xóa người dùng', 3,
        35),
       (156, 'admin@localhost', '2019-12-17 06:54:01', 'admin@localhost', '2019-12-17 06:54:01', 'Thêm mới người dùng',
        3, 36),
       (157, 'admin@localhost', '2019-12-17 07:04:18', 'admin@localhost', '2019-12-17 07:04:18', 'Thêm mới người dùng',
        3, 37),
       (158, 'admin@localhost', '2019-12-17 07:10:33', 'admin@localhost', '2019-12-17 07:10:33', 'Thêm mới người dùng',
        3, 38),
       (159, 'admin@localhost', '2019-12-17 07:23:46', 'admin@localhost', '2019-12-17 07:23:46', 'Cập nhật người dùng',
        3, 3),
       (160, 'admin@localhost', '2019-12-17 07:23:47', 'admin@localhost', '2019-12-17 07:23:47', 'Cập nhật người dùng',
        3, 3),
       (161, 'admin@localhost', '2019-12-17 07:24:14', 'admin@localhost', '2019-12-17 07:24:14', 'Cập nhật người dùng',
        3, 3),
       (162, 'admin@localhost', '2019-12-17 07:24:20', 'admin@localhost', '2019-12-17 07:24:20', 'Cập nhật người dùng',
        3, 3),
       (163, 'admin@localhost', '2019-12-17 07:28:45', 'admin@localhost', '2019-12-17 07:28:45', 'Cập nhật người dùng',
        3, 3),
       (164, 'admin@localhost', '2019-12-17 07:28:54', 'admin@localhost', '2019-12-17 07:28:54', 'Cập nhật người dùng',
        3, 3),
       (165, 'admin@localhost', '2019-12-17 07:28:56', 'admin@localhost', '2019-12-17 07:28:56', 'Cập nhật người dùng',
        3, 3),
       (166, 'admin@localhost', '2019-12-17 07:28:58', 'admin@localhost', '2019-12-17 07:28:58', 'Cập nhật người dùng',
        3, 3),
       (167, 'admin@localhost', '2019-12-17 07:28:59', 'admin@localhost', '2019-12-17 07:28:59', 'Cập nhật người dùng',
        3, 3),
       (168, 'admin@localhost', '2019-12-17 07:29:38', 'admin@localhost', '2019-12-17 07:29:38', 'Cập nhật người dùng',
        3, 3),
       (169, 'admin@localhost', '2019-12-17 07:35:02', 'admin@localhost', '2019-12-17 07:35:02', 'Thêm mới người dùng',
        3, 39),
       (170, 'admin@localhost', '2019-12-17 07:35:28', 'admin@localhost', '2019-12-17 07:35:28', 'Xóa người dùng', 3,
        39),
       (171, 'admin@localhost', '2019-12-17 07:38:46', 'admin@localhost', '2019-12-17 07:38:46', 'Thêm mới người dùng',
        3, 40),
       (172, 'nguyenai240197@gmail.com', '2019-12-17 08:28:45', 'nguyenai240197@gmail.com', '2019-12-17 08:28:45',
        'Cập nhật người dùng', 21, 21),
       (173, 'nguyenai240197@gmail.com', '2019-12-17 08:29:01', 'nguyenai240197@gmail.com', '2019-12-17 08:29:01',
        'Cập nhật người dùng', 21, 21),
       (174, 'nguyenai240197@gmail.com', '2019-12-17 08:29:04', 'nguyenai240197@gmail.com', '2019-12-17 08:29:04',
        'Cập nhật người dùng', 21, 21),
       (175, 'nguyenai240197@gmail.com', '2019-12-17 08:29:06', 'nguyenai240197@gmail.com', '2019-12-17 08:29:06',
        'Cập nhật người dùng', 21, 21),
       (176, 'nguyenai240197@gmail.com', '2019-12-17 08:32:57', 'nguyenai240197@gmail.com', '2019-12-17 08:32:57',
        'Cập nhật người dùng', 21, 21),
       (177, 'nguyenai240197@gmail.com', '2019-12-17 08:33:10', 'nguyenai240197@gmail.com', '2019-12-17 08:33:10',
        'Cập nhật người dùng', 21, 21),
       (178, 'nguyenai240197@gmail.com', '2019-12-17 08:39:29', 'nguyenai240197@gmail.com', '2019-12-17 08:39:29',
        'Cập nhật người dùng', 21, 21),
       (179, 'admin@localhost', '2019-12-17 08:59:12', 'admin@localhost', '2019-12-17 08:59:12', 'Cập nhật người dùng',
        3, 21),
       (180, 'admin@localhost', '2019-12-17 08:59:32', 'admin@localhost', '2019-12-17 08:59:32', 'Khôi phục người dùng',
        3, 39),
       (181, 'admin@localhost', '2019-12-17 08:59:35', 'admin@localhost', '2019-12-17 08:59:35', 'Khôi phục người dùng',
        3, 31),
       (182, 'admin@localhost', '2019-12-17 08:59:38', 'admin@localhost', '2019-12-17 08:59:38', 'Khôi phục người dùng',
        3, 14),
       (183, 'admin@localhost', '2019-12-18 01:55:03', 'admin@localhost', '2019-12-18 01:55:03', 'Khôi phục người dùng',
        3, 35),
       (184, 'admin@localhost', '2019-12-18 01:56:09', 'admin@localhost', '2019-12-18 01:56:09', 'Thêm mới người dùng',
        3, 41),
       (185, 'admin@localhost', '2019-12-18 01:57:03', 'admin@localhost', '2019-12-18 01:57:03', 'Xóa người dùng', 3,
        41),
       (186, 'admin@localhost', '2019-12-18 01:58:08', 'admin@localhost', '2019-12-18 01:58:08', 'Khôi phục người dùng',
        3, 41),
       (187, 'admin@localhost', '2019-12-18 01:59:38', 'admin@localhost', '2019-12-18 01:59:38', 'Thêm mới người dùng',
        3, 42),
       (188, 'admin@localhost', '2019-12-18 03:12:50', 'admin@localhost', '2019-12-18 03:12:50', 'Cập nhật người dùng',
        3, 41),
       (189, 'nguyenai240197@gmail.com', '2019-12-18 03:49:18', 'nguyenai240197@gmail.com', '2019-12-18 03:49:18',
        'Cập nhật người dùng', 21, 21),
       (190, 'nguyenlananhvictory@gmail.com', '2019-12-18 06:57:18', 'nguyenlananhvictory@gmail.com',
        '2019-12-18 06:57:18', 'Cập nhật người dùng', 32, 32),
       (191, 'nguyenlananhvictory@gmail.com', '2019-12-18 07:01:26', 'nguyenlananhvictory@gmail.com',
        '2019-12-18 07:01:26', 'Cập nhật người dùng', 32, 32),
       (192, 'admin@localhost', '2019-12-18 07:45:10', 'admin@localhost', '2019-12-18 07:45:10', 'Thêm mới người dùng',
        3, 43),
       (193, 'admin@localhost', '2019-12-18 07:45:52', 'admin@localhost', '2019-12-18 07:45:52', 'Xóa người dùng', 3,
        18),
       (194, 'admin@localhost', '2019-12-18 08:54:59', 'admin@localhost', '2019-12-18 08:54:59', 'Cập nhật người dùng',
        3, 32),
       (195, 'admin@localhost', '2019-12-18 10:18:47', 'admin@localhost', '2019-12-18 10:18:47', 'Khôi phục người dùng',
        3, 18),
       (196, 'admin@localhost', '2019-12-20 02:59:46', 'admin@localhost', '2019-12-20 02:59:46', 'Thêm mới người dùng',
        3, 44),
       (197, 'admin@localhost', '2019-12-20 03:09:24', 'admin@localhost', '2019-12-20 03:09:24', 'Xóa người dùng', 3,
        44),
       (198, 'admin@localhost', '2019-12-20 03:09:29', 'admin@localhost', '2019-12-20 03:09:29', 'Khôi phục người dùng',
        3, 44),
       (199, 'admin@localhost', '2019-12-20 04:32:41', 'admin@localhost', '2019-12-20 04:32:41', 'Cập nhật người dùng',
        3, 3),
       (200, 'admin@localhost', '2019-12-20 04:32:45', 'admin@localhost', '2019-12-20 04:32:45', 'Cập nhật người dùng',
        3, 3),
       (201, 'admin@localhost', '2019-12-20 04:32:50', 'admin@localhost', '2019-12-20 04:32:50', 'Cập nhật người dùng',
        3, 3),
       (202, 'admin@localhost', '2019-12-20 04:33:02', 'admin@localhost', '2019-12-20 04:33:02', 'Cập nhật người dùng',
        3, 3),
       (203, 'admin@localhost', '2019-12-20 06:53:56', 'admin@localhost', '2019-12-20 06:53:56', 'Cập nhật người dùng',
        3, 11),
       (204, 'kemchanh211297@gmail.com', '2019-12-20 08:55:14', 'kemchanh211297@gmail.com', '2019-12-20 08:55:14',
        'Cập nhật người dùng', 11, 11),
       (205, 'admin@localhost', '2019-12-20 11:01:43', 'admin@localhost', '2019-12-20 11:01:43', 'Cập nhật người dùng',
        3, 11),
       (206, 'admin@localhost', '2019-12-24 01:59:04', 'admin@localhost', '2019-12-24 01:59:04', 'Thêm mới người dùng',
        3, 45),
       (207, 'admin@localhost', '2019-12-24 02:02:17', 'admin@localhost', '2019-12-24 02:02:17', 'Cập nhật người dùng',
        3, 32),
       (208, 'admin@localhost', '2019-12-24 02:06:25', 'admin@localhost', '2019-12-24 02:06:25', 'Cập nhật người dùng',
        3, 45),
       (209, 'admin@localhost', '2019-12-24 02:06:34', 'admin@localhost', '2019-12-24 02:06:34', 'Cập nhật người dùng',
        3, 45),
       (210, 'admin@localhost', '2019-12-24 02:06:39', 'admin@localhost', '2019-12-24 02:06:39', 'Cập nhật người dùng',
        3, 45),
       (211, 'admin@localhost', '2019-12-24 02:07:02', 'admin@localhost', '2019-12-24 02:07:02', 'Thêm mới người dùng',
        3, 46),
       (212, 'nguyenai240197@gmail.com', '2019-12-24 02:44:39', 'nguyenai240197@gmail.com', '2019-12-24 02:44:39',
        'Cập nhật người dùng', 21, 21),
       (213, 'nguyenai240197@gmail.com', '2019-12-24 02:48:25', 'nguyenai240197@gmail.com', '2019-12-24 02:48:25',
        'Cập nhật người dùng', 21, 21),
       (214, 'nguyenai240197@gmail.com', '2019-12-24 02:48:53', 'nguyenai240197@gmail.com', '2019-12-24 02:48:53',
        'Cập nhật người dùng', 21, 21),
       (215, 'admin@localhost', '2019-12-24 03:26:48', 'admin@localhost', '2019-12-24 03:26:48', 'Cập nhật người dùng',
        3, 32),
       (216, 'admin@localhost', '2019-12-24 03:26:52', 'admin@localhost', '2019-12-24 03:26:52', 'Cập nhật người dùng',
        3, 32),
       (217, 'admin@localhost', '2019-12-24 03:34:46', 'admin@localhost', '2019-12-24 03:34:46', 'Cập nhật người dùng',
        3, 32),
       (218, 'admin@localhost', '2019-12-24 03:34:48', 'admin@localhost', '2019-12-24 03:34:48', 'Cập nhật người dùng',
        3, 32),
       (219, 'nguyenlananhvictory@gmail.com', '2019-12-24 07:00:16', 'nguyenlananhvictory@gmail.com',
        '2019-12-24 07:00:16', 'Cập nhật người dùng', 32, 32),
       (220, 'nguyenlananhvictory@gmail.com', '2019-12-24 07:00:33', 'nguyenlananhvictory@gmail.com',
        '2019-12-24 07:00:33', 'Cập nhật người dùng', 32, 32),
       (221, 'keepmoving11a7@gmail.com', '2019-12-24 07:01:58', 'keepmoving11a7@gmail.com', '2019-12-24 07:01:58',
        'Cập nhật người dùng', 43, 43),
       (222, 'keepmoving11a7@gmail.com', '2019-12-24 07:03:13', 'keepmoving11a7@gmail.com', '2019-12-24 07:03:13',
        'Cập nhật người dùng', 43, 43),
       (223, 'keepmoving11a7@gmail.com', '2019-12-24 10:08:55', 'keepmoving11a7@gmail.com', '2019-12-24 10:08:55',
        'Cập nhật người dùng', 43, 43),
       (224, 'keepmoving11a7@gmail.com', '2019-12-24 10:10:06', 'keepmoving11a7@gmail.com', '2019-12-24 10:10:06',
        'Cập nhật người dùng', 43, 43),
       (225, 'admin@localhost', '2019-12-30 07:28:26', 'admin@localhost', '2019-12-30 07:28:26', 'Xóa người dùng', 3,
        40),
       (226, 'admin@localhost', '2019-12-30 07:28:29', 'admin@localhost', '2019-12-30 07:28:29', 'Xóa người dùng', 3,
        39),
       (227, 'admin@localhost', '2019-12-30 07:28:35', 'admin@localhost', '2019-12-30 07:28:35', 'Xóa người dùng', 3,
        36),
       (228, 'admin@localhost', '2019-12-30 07:28:45', 'admin@localhost', '2019-12-30 07:28:45', 'Xóa người dùng', 3,
        20),
       (229, 'admin@localhost', '2019-12-30 09:45:47', 'admin@localhost', '2019-12-30 09:45:47', 'Thêm mới người dùng',
        3, 47),
       (230, 'admin@localhost', '2019-12-30 09:45:54', 'admin@localhost', '2019-12-30 09:45:54', 'Cập nhật người dùng',
        3, 47),
       (231, 'admin@localhost', '2019-12-30 09:46:00', 'admin@localhost', '2019-12-30 09:46:00', 'Xóa người dùng', 3,
        47),
       (232, 'admin@localhost', '2019-12-30 09:46:04', 'admin@localhost', '2019-12-30 09:46:04', 'Khôi phục người dùng',
        3, 47),
       (233, 'nguyenai240197@gmail.com', '2020-01-02 04:09:19', 'nguyenai240197@gmail.com', '2020-01-02 04:09:19',
        'Cập nhật người dùng', 21, 21),
       (234, 'nguyenai240197@gmail.com', '2020-01-02 04:09:33', 'nguyenai240197@gmail.com', '2020-01-02 04:09:33',
        'Cập nhật người dùng', 21, 21),
       (235, 'admin@localhost', '2020-01-02 08:46:24', 'admin@localhost', '2020-01-02 08:46:24', 'Cập nhật người dùng',
        3, 46),
       (236, 'admin@localhost', '2020-01-02 08:46:27', 'admin@localhost', '2020-01-02 08:46:27', 'Xóa người dùng', 3,
        46),
       (237, 'admin@localhost', '2020-01-02 08:46:31', 'admin@localhost', '2020-01-02 08:46:31', 'Khôi phục người dùng',
        3, 46),
       (238, 'keepmoving11a7@gmail.com', '2020-01-02 09:14:35', 'keepmoving11a7@gmail.com', '2020-01-02 09:14:35',
        'Cập nhật người dùng', 43, 43),
       (239, 'nguyenai240197@gmail.com', '2020-01-03 04:04:35', 'nguyenai240197@gmail.com', '2020-01-03 04:04:35',
        'Cập nhật người dùng', 21, 21),
       (240, 'nguyenai240197@gmail.com', '2020-01-03 04:24:40', 'nguyenai240197@gmail.com', '2020-01-03 04:24:40',
        'Cập nhật người dùng', 21, 21),
       (241, 'keepmoving11a7@gmail.com', '2020-01-03 04:26:40', 'keepmoving11a7@gmail.com', '2020-01-03 04:26:40',
        'Cập nhật người dùng', 43, 43),
       (242, 'keepmoving11a7@gmail.com', '2020-01-03 04:31:19', 'keepmoving11a7@gmail.com', '2020-01-03 04:31:19',
        'Cập nhật người dùng', 43, 43),
       (243, 'keepmoving11a7@gmail.com', '2020-01-03 04:31:21', 'keepmoving11a7@gmail.com', '2020-01-03 04:31:21',
        'Cập nhật người dùng', 43, 43),
       (244, 'keepmoving11a7@gmail.com', '2020-01-03 04:31:31', 'keepmoving11a7@gmail.com', '2020-01-03 04:31:31',
        'Cập nhật người dùng', 43, 43),
       (245, 'keepmoving11a7@gmail.com', '2020-01-03 04:31:32', 'keepmoving11a7@gmail.com', '2020-01-03 04:31:32',
        'Cập nhật người dùng', 43, 43),
       (246, 'keepmoving11a7@gmail.com', '2020-01-03 04:31:32', 'keepmoving11a7@gmail.com', '2020-01-03 04:31:32',
        'Cập nhật người dùng', 43, 43),
       (247, 'keepmoving11a7@gmail.com', '2020-01-03 04:31:33', 'keepmoving11a7@gmail.com', '2020-01-03 04:31:33',
        'Cập nhật người dùng', 43, 43),
       (248, 'keepmoving11a7@gmail.com', '2020-01-03 04:31:33', 'keepmoving11a7@gmail.com', '2020-01-03 04:31:33',
        'Cập nhật người dùng', 43, 43),
       (249, 'keepmoving11a7@gmail.com', '2020-01-03 04:31:34', 'keepmoving11a7@gmail.com', '2020-01-03 04:31:34',
        'Cập nhật người dùng', 43, 43),
       (250, 'nguyenai240197@gmail.com', '2020-01-03 04:33:20', 'nguyenai240197@gmail.com', '2020-01-03 04:33:20',
        'Cập nhật người dùng', 21, 21),
       (251, 'nguyenai240197@gmail.com', '2020-01-03 07:35:21', 'nguyenai240197@gmail.com', '2020-01-03 07:35:21',
        'Cập nhật người dùng', 21, 21),
       (252, 'nguyenai240197@gmail.com', '2020-01-03 07:35:48', 'nguyenai240197@gmail.com', '2020-01-03 07:35:48',
        'Cập nhật người dùng', 21, 21),
       (253, 'keepmoving11a7@gmail.com', '2020-01-03 07:36:55', 'keepmoving11a7@gmail.com', '2020-01-03 07:36:55',
        'Cập nhật người dùng', 43, 43),
       (254, 'admin@localhost', '2020-01-03 08:29:04', 'admin@localhost', '2020-01-03 08:29:04', 'Cập nhật người dùng',
        3, 47),
       (255, 'admin@localhost', '2020-01-03 08:29:11', 'admin@localhost', '2020-01-03 08:29:11', 'Xóa người dùng', 3,
        47),
       (256, 'admin@localhost', '2020-01-03 08:29:32', 'admin@localhost', '2020-01-03 08:29:32', 'Khôi phục người dùng',
        3, 47),
       (257, 'admin@localhost', '2020-01-03 08:30:23', 'admin@localhost', '2020-01-03 08:30:23', 'Cập nhật người dùng',
        3, 3),
       (258, 'admin@localhost', '2020-01-03 08:30:25', 'admin@localhost', '2020-01-03 08:30:25', 'Cập nhật người dùng',
        3, 3),
       (259, 'keepmoving11a7@gmail.com', '2020-01-04 04:44:08', 'keepmoving11a7@gmail.com', '2020-01-04 04:44:08',
        'Cập nhật người dùng', 43, 43),
       (260, 'nguyenlananhvictory@gmail.com', '2020-01-04 04:46:15', 'nguyenlananhvictory@gmail.com',
        '2020-01-04 04:46:15', 'Cập nhật người dùng', 32, 32),
       (261, 'admin@localhost', '2020-01-05 14:24:29', 'admin@localhost', '2020-01-05 14:24:29', 'Cập nhật người dùng',
        3, 3),
       (262, 'admin@localhost', '2020-01-05 16:48:36', 'admin@localhost', '2020-01-05 16:48:36', 'Xóa người dùng', 3,
        47),
       (263, 'admin@localhost', '2020-01-05 16:48:46', 'admin@localhost', '2020-01-05 16:48:46', 'Xóa người dùng', 3,
        28),
       (264, 'admin@localhost', '2020-01-05 16:49:27', 'admin@localhost', '2020-01-05 16:49:27', 'Thêm mới người dùng',
        3, 48),
       (265, 'admin@localhost', '2020-01-08 07:40:15', 'admin@localhost', '2020-01-08 07:40:15', 'Cập nhật người dùng',
        3, 48),
       (266, 'admin@localhost', '2020-01-08 10:12:29', 'admin@localhost', '2020-01-08 10:12:29', 'Thêm mới người dùng',
        3, 49),
       (267, 'admin@localhost', '2020-01-09 02:15:52', 'admin@localhost', '2020-01-09 02:15:52', 'Xóa người dùng', 3,
        49),
       (268, 'admin@localhost', '2020-01-09 02:16:05', 'admin@localhost', '2020-01-09 02:16:05', 'Khôi phục người dùng',
        3, 49),
       (269, 'admin@localhost', '2020-01-09 02:16:13', 'admin@localhost', '2020-01-09 02:16:13', 'Cập nhật người dùng',
        3, 45),
       (270, 'admin@localhost', '2020-01-09 02:16:16', 'admin@localhost', '2020-01-09 02:16:16', 'Xóa người dùng', 3,
        45),
       (271, 'admin@localhost', '2020-01-09 02:16:19', 'admin@localhost', '2020-01-09 02:16:19', 'Khôi phục người dùng',
        3, 45),
       (272, 'admin@localhost', '2020-01-09 02:16:25', 'admin@localhost', '2020-01-09 02:16:25', 'Khôi phục người dùng',
        3, 47),
       (273, 'admin@localhost', '2020-01-09 02:16:28', 'admin@localhost', '2020-01-09 02:16:28', 'Khôi phục người dùng',
        3, 40),
       (274, 'admin@localhost', '2020-01-09 02:16:29', 'admin@localhost', '2020-01-09 02:16:29', 'Khôi phục người dùng',
        3, 39),
       (275, 'admin@localhost', '2020-01-09 02:16:31', 'admin@localhost', '2020-01-09 02:16:31', 'Khôi phục người dùng',
        3, 36),
       (276, 'admin@localhost', '2020-01-09 02:16:35', 'admin@localhost', '2020-01-09 02:16:35', 'Khôi phục người dùng',
        3, 16),
       (277, 'admin@localhost', '2020-01-10 06:56:28', 'admin@localhost', '2020-01-10 06:56:28', 'Xóa người dùng', 3,
        48),
       (278, 'admin@localhost', '2020-01-10 06:56:34', 'admin@localhost', '2020-01-10 06:56:34', 'Khôi phục người dùng',
        3, 48),
       (279, 'admin@localhost', '2020-01-10 06:56:37', 'admin@localhost', '2020-01-10 06:56:37', 'Cập nhật người dùng',
        3, 48),
       (280, 'admin@localhost', '2020-01-14 03:40:39', 'admin@localhost', '2020-01-14 03:40:39', 'Xóa người dùng', 3,
        45),
       (281, 'admin@localhost', '2020-01-14 04:02:31', 'admin@localhost', '2020-01-14 04:02:31', 'Cập nhật người dùng',
        3, 44),
       (282, 'admin@localhost', '2020-01-14 04:02:56', 'admin@localhost', '2020-01-14 04:02:56', 'Xóa người dùng', 3,
        44),
       (283, 'admin@localhost', '2020-01-14 04:19:11', 'admin@localhost', '2020-01-14 04:19:11', 'Khôi phục người dùng',
        3, 44),
       (284, 'admin@localhost', '2020-01-14 04:19:56', 'admin@localhost', '2020-01-14 04:19:56', 'Cập nhật người dùng',
        3, 49),
       (285, 'admin@localhost', '2020-01-14 04:20:09', 'admin@localhost', '2020-01-14 04:20:09', 'Xóa người dùng', 3,
        49),
       (286, 'admin@localhost', '2020-01-14 04:20:40', 'admin@localhost', '2020-01-14 04:20:40', 'Cập nhật người dùng',
        3, 48),
       (287, 'admin@localhost', '2020-01-14 04:20:44', 'admin@localhost', '2020-01-14 04:20:44', 'Cập nhật người dùng',
        3, 48),
       (288, 'admin@localhost', '2020-01-14 04:21:58', 'admin@localhost', '2020-01-14 04:21:58', 'Thêm mới người dùng',
        3, 50),
       (289, 'admin@localhost', '2020-01-14 04:23:53', 'admin@localhost', '2020-01-14 04:23:53', 'Cập nhật người dùng',
        3, 50),
       (290, 'admin@localhost', '2020-01-14 04:24:00', 'admin@localhost', '2020-01-14 04:24:00', 'Xóa người dùng', 3,
        50),
       (291, 'admin@localhost', '2020-01-14 04:24:04', 'admin@localhost', '2020-01-14 04:24:04', 'Khôi phục người dùng',
        3, 50),
       (292, 'admin@localhost', '2020-01-14 04:24:08', 'admin@localhost', '2020-01-14 04:24:08', 'Cập nhật người dùng',
        3, 50),
       (293, 'admin@localhost', '2020-01-14 04:24:11', 'admin@localhost', '2020-01-14 04:24:11', 'Xóa người dùng', 3,
        50),
       (294, 'admin@localhost', '2020-01-14 04:24:13', 'admin@localhost', '2020-01-14 04:24:13', 'Khôi phục người dùng',
        3, 50),
       (295, 'keepmoving11a7@gmail.com', '2020-01-14 07:12:56', 'keepmoving11a7@gmail.com', '2020-01-14 07:12:56',
        'Cập nhật người dùng', 43, 43),
       (296, 'keepmoving11a7@gmail.com', '2020-01-14 07:13:06', 'keepmoving11a7@gmail.com', '2020-01-14 07:13:06',
        'Cập nhật người dùng', 43, 43),
       (297, 'keepmoving11a7@gmail.com', '2020-01-14 07:13:09', 'keepmoving11a7@gmail.com', '2020-01-14 07:13:09',
        'Cập nhật người dùng', 43, 43),
       (298, 'keepmoving11a7@gmail.com', '2020-01-14 07:13:10', 'keepmoving11a7@gmail.com', '2020-01-14 07:13:10',
        'Cập nhật người dùng', 43, 43),
       (299, 'keepmoving11a7@gmail.com', '2020-01-14 07:13:14', 'keepmoving11a7@gmail.com', '2020-01-14 07:13:14',
        'Cập nhật người dùng', 43, 43),
       (300, 'keepmoving11a7@gmail.com', '2020-01-14 07:13:14', 'keepmoving11a7@gmail.com', '2020-01-14 07:13:14',
        'Cập nhật người dùng', 43, 43),
       (301, 'keepmoving11a7@gmail.com', '2020-01-14 07:13:20', 'keepmoving11a7@gmail.com', '2020-01-14 07:13:20',
        'Cập nhật người dùng', 43, 43),
       (302, 'keepmoving11a7@gmail.com', '2020-01-14 07:13:51', 'keepmoving11a7@gmail.com', '2020-01-14 07:13:51',
        'Cập nhật người dùng', 43, 43),
       (303, 'admin@localhost', '2020-01-14 07:27:56', 'admin@localhost', '2020-01-14 07:27:56', 'Cập nhật người dùng',
        3, 50),
       (304, 'admin@localhost', '2020-01-14 07:28:00', 'admin@localhost', '2020-01-14 07:28:00', 'Khôi phục người dùng',
        3, 49),
       (305, 'admin@localhost', '2020-01-15 09:18:59', 'admin@localhost', '2020-01-15 09:18:59', 'Cập nhật người dùng',
        3, 50),
       (308, 'admin@localhost', '2020-01-15 09:18:59', 'admin@localhost', '2020-01-15 09:18:59', 'Cập nhật người dùng',
        3, 50),
       (309, 'admin@localhost', '2020-01-16 02:57:21', 'admin@localhost', '2020-01-16 02:57:21', 'Cập nhật người dùng',
        3, 50),
       (310, 'admin@localhost', '2020-01-16 02:57:25', 'admin@localhost', '2020-01-16 02:57:25', 'Xóa người dùng', 3,
        50),
       (311, 'admin@localhost', '2020-01-16 02:57:27', 'admin@localhost', '2020-01-16 02:57:27', 'Khôi phục người dùng',
        3, 50),
       (312, 'nguyenlananhvictory@gmail.com', '2020-01-16 03:00:24', 'nguyenlananhvictory@gmail.com',
        '2020-01-16 03:00:24', 'Cập nhật người dùng', 32, 32),
       (313, 'nguyenlananhvictory@gmail.com', '2020-01-16 03:00:36', 'nguyenlananhvictory@gmail.com',
        '2020-01-16 03:00:36', 'Cập nhật người dùng', 32, 32),
       (314, 'admin@localhost', '2020-01-16 03:02:06', 'admin@localhost', '2020-01-16 03:02:06', 'Thêm mới người dùng',
        3, 51),
       (315, 'admin@localhost', '2020-01-16 03:16:04', 'admin@localhost', '2020-01-16 03:16:04', 'Cập nhật người dùng',
        3, 50),
       (316, 'admin@localhost', '2020-01-16 03:26:06', 'admin@localhost', '2020-01-16 03:26:06', 'Thêm mới người dùng',
        3, 52),
       (317, 'admin@localhost', '2020-01-16 04:00:28', 'admin@localhost', '2020-01-16 04:00:28', 'Thêm mới người dùng',
        3, 53),
       (318, 'admin@localhost', '2020-01-16 04:41:05', 'admin@localhost', '2020-01-16 04:41:05', 'Thêm mới người dùng',
        3, 54),
       (319, 'admin@localhost', '2020-01-16 08:08:40', 'admin@localhost', '2020-01-16 08:08:40', 'Xóa người dùng', 3,
        53),
       (320, 'admin@localhost', '2020-01-16 08:08:46', 'admin@localhost', '2020-01-16 08:08:46', 'Khôi phục người dùng',
        3, 53),
       (321, 'admin@localhost', '2020-01-16 08:09:10', 'admin@localhost', '2020-01-16 08:09:10', 'Cập nhật người dùng',
        3, 53),
       (322, 'admin@localhost', '2020-01-20 07:38:16', 'admin@localhost', '2020-01-20 07:38:16', 'Xóa người dùng', 3,
        54),
       (323, 'admin@localhost', '2020-01-21 02:28:47', 'admin@localhost', '2020-01-21 02:28:47', 'Thêm mới người dùng',
        3, 55),
       (324, 'admin@localhost', '2020-02-01 02:06:05', 'admin@localhost', '2020-02-01 02:06:05', 'Cập nhật người dùng',
        3, 49),
       (325, 'admin@localhost', '2020-02-01 02:06:11', 'admin@localhost', '2020-02-01 02:06:11', 'Xóa người dùng', 3,
        49),
       (326, 'admin@localhost', '2020-02-01 02:06:29', 'admin@localhost', '2020-02-01 02:06:29', 'Khôi phục người dùng',
        3, 49),
       (327, 'admin@localhost', '2020-02-01 02:06:45', 'admin@localhost', '2020-02-01 02:06:45', 'Cập nhật người dùng',
        3, 48),
       (328, 'admin@localhost', '2020-02-04 01:44:17', 'admin@localhost', '2020-02-04 01:44:17', 'Khôi phục người dùng',
        3, 54),
       (329, 'admin@localhost', '2020-02-04 01:44:45', 'admin@localhost', '2020-02-04 01:44:45', 'Cập nhật người dùng',
        3, 48),
       (330, 'admin@localhost', '2020-02-04 02:36:52', 'admin@localhost', '2020-02-04 02:36:52', 'Thêm mới người dùng',
        3, 56),
       (331, 'admin@localhost', '2020-02-04 02:37:25', 'admin@localhost', '2020-02-04 02:37:25', 'Thêm mới người dùng',
        3, 58),
       (332, 'admin@localhost', '2020-02-04 02:38:29', 'admin@localhost', '2020-02-04 02:38:29', 'Thêm mới người dùng',
        3, 59),
       (333, 'admin@localhost', '2020-02-04 02:39:10', 'admin@localhost', '2020-02-04 02:39:10', 'Xóa người dùng', 3,
        1),
       (334, 'admin@localhost', '2020-02-04 02:39:20', 'admin@localhost', '2020-02-04 02:39:20', 'Xóa người dùng', 3,
        39),
       (335, 'admin@localhost', '2020-02-04 02:39:34', 'admin@localhost', '2020-02-04 02:39:34', 'Xóa người dùng', 3,
        40),
       (336, 'admin@localhost', '2020-02-04 02:39:52', 'admin@localhost', '2020-02-04 02:39:52', 'Khôi phục người dùng',
        3, 40),
       (337, 'admin@localhost', '2020-02-04 02:39:55', 'admin@localhost', '2020-02-04 02:39:55', 'Xóa người dùng', 3,
        40),
       (338, 'nguyenlananhvictory@gmail.com', '2020-02-04 02:51:51', 'nguyenlananhvictory@gmail.com',
        '2020-02-04 02:51:51', 'Cập nhật người dùng', 32, 32),
       (339, 'nguyenlananhvictory@gmail.com', '2020-02-04 02:52:15', 'nguyenlananhvictory@gmail.com',
        '2020-02-04 02:52:15', 'Cập nhật người dùng', 32, 32),
       (340, 'nguyenlananhvictory@gmail.com', '2020-02-04 02:52:15', 'nguyenlananhvictory@gmail.com',
        '2020-02-04 02:52:15', 'Cập nhật người dùng', 32, 32),
       (341, 'nguyenlananhvictory@gmail.com', '2020-02-04 02:52:32', 'nguyenlananhvictory@gmail.com',
        '2020-02-04 02:52:32', 'Cập nhật người dùng', 32, 32),
       (342, 'admin@localhost', '2020-02-04 07:55:21', 'admin@localhost', '2020-02-04 07:55:21', 'Khôi phục người dùng',
        3, 45),
       (343, 'admin@localhost', '2020-02-05 03:49:29', 'admin@localhost', '2020-02-05 03:49:29', 'Cập nhật người dùng',
        3, 3),
       (344, 'admin@localhost', '2020-02-05 03:49:42', 'admin@localhost', '2020-02-05 03:49:42', 'Cập nhật người dùng',
        3, 3),
       (345, 'admin@localhost', '2020-02-05 03:49:43', 'admin@localhost', '2020-02-05 03:49:43', 'Cập nhật người dùng',
        3, 3),
       (346, 'admin@localhost', '2020-02-07 02:40:34', 'admin@localhost', '2020-02-07 02:40:34', 'Cập nhật người dùng',
        3, 59),
       (347, 'admin@localhost', '2020-02-07 02:40:37', 'admin@localhost', '2020-02-07 02:40:37', 'Xóa người dùng', 3,
        59),
       (348, 'admin@localhost', '2020-02-07 02:40:39', 'admin@localhost', '2020-02-07 02:40:39', 'Khôi phục người dùng',
        3, 59),
       (349, 'admin@localhost', '2020-02-07 02:54:29', 'admin@localhost', '2020-02-07 02:54:29', 'Cập nhật người dùng',
        3, 3),
       (350, 'keepmoving11a7@gmail.com', '2020-02-07 06:59:18', 'keepmoving11a7@gmail.com', '2020-02-07 06:59:18',
        'Cập nhật người dùng', 43, 43),
       (351, 'keepmoving11a7@gmail.com', '2020-02-07 06:59:31', 'keepmoving11a7@gmail.com', '2020-02-07 06:59:31',
        'Cập nhật người dùng', 43, 43),
       (352, 'admin@localhost', '2020-02-10 04:04:03', 'admin@localhost', '2020-02-10 04:04:03', 'Khôi phục người dùng',
        3, 40),
       (353, 'admin@localhost', '2020-02-10 04:04:41', 'admin@localhost', '2020-02-10 04:04:41', 'Thêm mới người dùng',
        3, 60),
       (354, 'admin@localhost', '2020-02-10 04:08:07', 'admin@localhost', '2020-02-10 04:08:07', 'Thêm mới người dùng',
        3, 61),
       (355, 'admin@localhost', '2020-02-10 04:08:47', 'admin@localhost', '2020-02-10 04:08:47', 'Thêm mới người dùng',
        3, 62),
       (356, 'admin@localhost', '2020-02-10 04:17:22', 'admin@localhost', '2020-02-10 04:17:22', 'Thêm mới người dùng',
        3, 63),
       (357, 'admin@localhost', '2020-02-10 06:26:09', 'admin@localhost', '2020-02-10 06:26:09', 'Thêm mới người dùng',
        3, 64),
       (358, 'admin@localhost', '2020-02-10 06:27:22', 'admin@localhost', '2020-02-10 06:27:22', 'Thêm mới người dùng',
        3, 65),
       (359, 'admin@localhost', '2020-02-10 06:29:38', 'admin@localhost', '2020-02-10 06:29:38', 'Thêm mới người dùng',
        3, 66),
       (360, 'admin@localhost', '2020-02-10 06:31:16', 'admin@localhost', '2020-02-10 06:31:16', 'Thêm mới người dùng',
        3, 67),
       (361, 'admin@localhost', '2020-02-10 06:34:15', 'admin@localhost', '2020-02-10 06:34:15', 'Thêm mới người dùng',
        3, 68),
       (362, 'admin@localhost', '2020-02-10 06:35:54', 'admin@localhost', '2020-02-10 06:35:54', 'Thêm mới người dùng',
        3, 69),
       (363, 'admin@localhost', '2020-02-10 06:36:59', 'admin@localhost', '2020-02-10 06:36:59', 'Thêm mới người dùng',
        3, 70),
       (364, 'admin@localhost', '2020-02-10 08:35:30', 'admin@localhost', '2020-02-10 08:35:30', 'Thêm mới người dùng',
        3, 71),
       (365, 'admin@localhost', '2020-02-10 08:36:16', 'admin@localhost', '2020-02-10 08:36:16', 'Thêm mới người dùng',
        3, 72),
       (366, 'admin@localhost', '2020-02-10 09:08:14', 'admin@localhost', '2020-02-10 09:08:14', 'Cập nhật người dùng',
        3, 32),
       (367, 'admin@localhost', '2020-02-10 09:18:31', 'admin@localhost', '2020-02-10 09:18:31', 'Thêm mới người dùng',
        3, 73),
       (368, 'admin@localhost', '2020-02-10 09:27:17', 'admin@localhost', '2020-02-10 09:27:17', 'Cập nhật người dùng',
        3, 73),
       (369, 'admin@localhost', '2020-02-10 09:28:02', 'admin@localhost', '2020-02-10 09:28:02', 'Cập nhật người dùng',
        3, 72),
       (370, 'admin@localhost', '2020-02-10 09:28:21', 'admin@localhost', '2020-02-10 09:28:21', 'Xóa người dùng', 3,
        13),
       (371, 'admin@localhost', '2020-02-10 09:29:31', 'admin@localhost', '2020-02-10 09:29:31', 'Xóa người dùng', 3,
        73),
       (372, 'admin@localhost', '2020-02-11 01:16:24', 'admin@localhost', '2020-02-11 01:16:24', 'Cập nhật người dùng',
        3, 32),
       (373, 'admin@localhost', '2020-02-11 01:43:10', 'admin@localhost', '2020-02-11 01:43:10', 'Cập nhật người dùng',
        3, 3),
       (374, 'admin@localhost', '2020-02-11 01:43:34', 'admin@localhost', '2020-02-11 01:43:34', 'Cập nhật người dùng',
        3, 3),
       (375, 'admin@localhost', '2020-02-11 01:43:41', 'admin@localhost', '2020-02-11 01:43:41', 'Cập nhật người dùng',
        3, 3),
       (376, 'keepmoving11a7@gmail.com', '2020-02-11 04:29:30', 'keepmoving11a7@gmail.com', '2020-02-11 04:29:30',
        'Cập nhật người dùng', 43, 43),
       (377, 'keepmoving11a7@gmail.com', '2020-02-11 04:29:30', 'keepmoving11a7@gmail.com', '2020-02-11 04:29:30',
        'Cập nhật người dùng', 43, 43),
       (378, 'keepmoving11a7@gmail.com', '2020-02-11 04:29:32', 'keepmoving11a7@gmail.com', '2020-02-11 04:29:32',
        'Cập nhật người dùng', 43, 43),
       (379, 'keepmoving11a7@gmail.com', '2020-02-11 04:29:32', 'keepmoving11a7@gmail.com', '2020-02-11 04:29:32',
        'Cập nhật người dùng', 43, 43),
       (380, 'keepmoving11a7@gmail.com', '2020-02-11 04:29:33', 'keepmoving11a7@gmail.com', '2020-02-11 04:29:33',
        'Cập nhật người dùng', 43, 43),
       (381, 'keepmoving11a7@gmail.com', '2020-02-11 04:29:35', 'keepmoving11a7@gmail.com', '2020-02-11 04:29:35',
        'Cập nhật người dùng', 43, 43),
       (382, 'keepmoving11a7@gmail.com', '2020-02-11 04:29:36', 'keepmoving11a7@gmail.com', '2020-02-11 04:29:36',
        'Cập nhật người dùng', 43, 43),
       (383, 'keepmoving11a7@gmail.com', '2020-02-11 04:31:46', 'keepmoving11a7@gmail.com', '2020-02-11 04:31:46',
        'Cập nhật người dùng', 43, 43),
       (384, 'keepmoving11a7@gmail.com', '2020-02-11 04:31:47', 'keepmoving11a7@gmail.com', '2020-02-11 04:31:47',
        'Cập nhật người dùng', 43, 43),
       (385, 'keepmoving11a7@gmail.com', '2020-02-11 04:31:48', 'keepmoving11a7@gmail.com', '2020-02-11 04:31:48',
        'Cập nhật người dùng', 43, 43),
       (386, 'keepmoving11a7@gmail.com', '2020-02-11 04:31:55', 'keepmoving11a7@gmail.com', '2020-02-11 04:31:55',
        'Cập nhật người dùng', 43, 43),
       (387, 'keepmoving11a7@gmail.com', '2020-02-11 04:31:56', 'keepmoving11a7@gmail.com', '2020-02-11 04:31:56',
        'Cập nhật người dùng', 43, 43),
       (388, 'keepmoving11a7@gmail.com', '2020-02-11 04:31:58', 'keepmoving11a7@gmail.com', '2020-02-11 04:31:58',
        'Cập nhật người dùng', 43, 43),
       (389, 'admin@localhost', '2020-02-11 07:34:13', 'admin@localhost', '2020-02-11 07:34:13', 'Cập nhật người dùng',
        3, 58),
       (390, 'admin@localhost', '2020-02-11 07:56:36', 'admin@localhost', '2020-02-11 07:56:36', 'Xóa người dùng', 3,
        56),
       (391, 'admin@localhost', '2020-02-11 07:56:42', 'admin@localhost', '2020-02-11 07:56:42', 'Khôi phục người dùng',
        3, 56),
       (392, 'admin@localhost', '2020-02-11 07:56:47', 'admin@localhost', '2020-02-11 07:56:47', 'Khôi phục người dùng',
        3, 1),
       (393, 'admin@localhost', '2020-02-11 08:29:04', 'admin@localhost', '2020-02-11 08:29:04', 'Thêm mới người dùng',
        3, 74),
       (394, 'admin@localhost', '2020-02-11 09:57:00', 'admin@localhost', '2020-02-11 09:57:00', 'Khôi phục người dùng',
        3, 73),
       (395, 'admin@localhost', '2020-02-11 09:57:07', 'admin@localhost', '2020-02-11 09:57:07', 'Cập nhật người dùng',
        3, 73);
/*!40000 ALTER TABLE `user_history` ENABLE KEYS */;
UNLOCK
TABLES;

--
-- Table structure for table `user_typical_news_read`
--

DROP TABLE IF EXISTS `user_typical_news_read`;
/*!40101 SET @saved_cs_client     = @@character_set_client */;
/*!40101 SET character_set_client = utf8 */;
CREATE TABLE `user_typical_news_read`
(
    `user_id`         bigint(20) NOT NULL,
    `typical_news_id` bigint(20) NOT NULL,
    PRIMARY KEY (`user_id`, `typical_news_id`),
    KEY               `FKk1050qcdbltpnkeigfidhpb6w` (`typical_news_id`),
    CONSTRAINT `FKk1050qcdbltpnkeigfidhpb6w` FOREIGN KEY (`typical_news_id`) REFERENCES `user` (`id`),
    CONSTRAINT `FKrxchsln38xqugl441g406pv4b` FOREIGN KEY (`user_id`) REFERENCES `typical_news` (`id`)
) ENGINE=InnoDB DEFAULT CHARSET=utf8mb4 COLLATE=utf8mb4_unicode_ci;
/*!40101 SET character_set_client = @saved_cs_client */;

--
-- Dumping data for table `user_typical_news_read`
--

LOCK
TABLES `user_typical_news_read` WRITE;
/*!40000 ALTER TABLE `user_typical_news_read` DISABLE KEYS */;
INSERT INTO `user_typical_news_read`
VALUES (7, 3),
       (4, 5),
       (3, 6),
       (7, 11),
       (8, 11),
       (43, 11),
       (9, 13),
       (2, 15),
       (7, 15),
       (2, 16),
       (2, 18),
       (11, 23),
       (2, 24),
       (2, 26),
       (2, 27),
       (20, 28),
       (2, 34),
       (2, 35),
       (2, 38),
       (43, 40),
       (2, 41),
       (43, 42),
       (2, 43),
       (11, 43),
       (20, 43),
       (26, 43),
       (38, 43),
       (43, 43),
       (45, 43),
       (43, 44),
       (2, 49),
       (2, 54),
       (3, 54),
       (58, 54),
       (2, 72);
/*!40000 ALTER TABLE `user_typical_news_read` ENABLE KEYS */;
UNLOCK
TABLES;

--
-- Table structure for table `user_typical_news_write`
--

DROP TABLE IF EXISTS `user_typical_news_write`;
/*!40101 SET @saved_cs_client     = @@character_set_client */;
/*!40101 SET character_set_client = utf8 */;
CREATE TABLE `user_typical_news_write`
(
    `user_id`         bigint(20) NOT NULL,
    `typical_news_id` bigint(20) NOT NULL,
    PRIMARY KEY (`user_id`, `typical_news_id`),
    KEY               `FKh1pnc3e1535x14evt17e2s03p` (`typical_news_id`),
    CONSTRAINT `FKf8v7l866c6pwrlkw7adaxfd55` FOREIGN KEY (`user_id`) REFERENCES `typical_news` (`id`),
    CONSTRAINT `FKh1pnc3e1535x14evt17e2s03p` FOREIGN KEY (`typical_news_id`) REFERENCES `user` (`id`)
) ENGINE=InnoDB DEFAULT CHARSET=utf8mb4 COLLATE=utf8mb4_unicode_ci;
/*!40101 SET character_set_client = @saved_cs_client */;

--
-- Dumping data for table `user_typical_news_write`
--

LOCK
TABLES `user_typical_news_write` WRITE;
/*!40000 ALTER TABLE `user_typical_news_write` DISABLE KEYS */;
INSERT INTO `user_typical_news_write`
VALUES (7, 3),
       (3, 5),
       (4, 5),
       (2, 8),
       (9, 9),
       (7, 11),
       (8, 11),
       (43, 11),
       (2, 18),
       (2, 21),
       (3, 21),
       (4, 21),
       (7, 21),
       (45, 21),
       (2, 22),
       (11, 23),
       (20, 28),
       (4, 31),
       (2, 32),
       (3, 32),
       (4, 32),
       (7, 32),
       (8, 32),
       (9, 32),
       (11, 32),
       (20, 32),
       (26, 32),
       (38, 32),
       (43, 32),
       (45, 32),
       (51, 32),
       (2, 34),
       (2, 36),
       (2, 42),
       (2, 52),
       (58, 52),
       (2, 59),
       (2, 68),
       (2, 70),
       (2, 71),
       (2, 72),
       (2, 73),
       (2, 74);
/*!40000 ALTER TABLE `user_typical_news_write` ENABLE KEYS */;
UNLOCK
TABLES;

-- Dump completed on 2020-03-02  1:36:21
